pokedex_number,name,type1,type2,speed,attack,defense,hp,sp_attack,sp_defense,base_happiness,base_egg_steps,height_m,weight_kg,percentage_male,abilities,is_legendary,generation
1,Bulbasaur,grass,poison,45,49,49,45,65,65,70,5120,0.7,6.9,88.1,"['Overgrow', 'Chlorophyll']",0,1
2,Ivysaur,grass,poison,60,62,63,60,80,80,70,5120,1,13,88.1,"['Overgrow', 'Chlorophyll']",0,1
3,Venusaur,grass,poison,80,100,123,80,122,120,70,5120,2,100,88.1,"['Overgrow', 'Chlorophyll']",0,1
4,Charmander,fire,,65,52,43,39,60,50,70,5120,0.6,8.5,88.1,"['Blaze', 'Solar Power']",0,1
5,Charmeleon,fire,,80,64,58,58,80,65,70,5120,1.1,19,88.1,"['Blaze', 'Solar Power']",0,1
6,Charizard,fire,flying,100,104,78,78,159,115,70,5120,1.7,90.5,88.1,"['Blaze', 'Solar Power']",0,1
7,Squirtle,water,,43,48,65,44,50,64,70,5120,0.5,9,88.1,"['Torrent', 'Rain Dish']",0,1
8,Wartortle,water,,58,63,80,59,65,80,70,5120,1,22.5,88.1,"['Torrent', 'Rain Dish']",0,1
9,Blastoise,water,,78,103,120,79,135,115,70,5120,1.6,85.5,88.1,"['Torrent', 'Rain Dish']",0,1
10,Caterpie,bug,,45,30,35,45,20,20,70,3840,0.3,2.9,50,"['Shield Dust', 'Run Away']",0,1
11,Metapod,bug,,30,20,55,50,25,25,70,3840,0.7,9.9,50,['Shed Skin'],0,1
12,Butterfree,bug,flying,70,45,50,60,90,80,70,3840,1.1,32,50,"['Compoundeyes', 'Tinted Lens']",0,1
13,Weedle,bug,poison,50,35,30,40,20,20,70,3840,0.3,3.2,50,"['Shield Dust', 'Run Away']",0,1
14,Kakuna,bug,poison,35,25,50,45,25,25,70,3840,0.6,10,50,['Shed Skin'],0,1
15,Beedrill,bug,poison,145,150,40,65,15,80,70,3840,1,29.5,50,"['Swarm', 'Sniper']",0,1
16,Pidgey,normal,flying,56,45,40,40,35,35,70,3840,0.3,1.8,50,"['Keen Eye', 'Tangled Feet', 'Big Pecks']",0,1
17,Pidgeotto,normal,flying,71,60,55,63,50,50,70,3840,1.1,30,50,"['Keen Eye', 'Tangled Feet', 'Big Pecks']",0,1
18,Pidgeot,normal,flying,121,80,80,83,135,80,70,3840,1.5,39.5,50,"['Keen Eye', 'Tangled Feet', 'Big Pecks']",0,1
19,Rattata,normal,dark,72,56,35,30,25,35,70,3840,,,50,"['Run Away', 'Guts', 'Hustle', 'Gluttony', 'Hustle', 'Thick Fat']",0,1
20,Raticate,normal,dark,77,71,70,75,40,80,70,3840,,,50,"['Run Away', 'Guts', 'Hustle', 'Gluttony', 'Hustle', 'Thick Fat']",0,1
21,Spearow,normal,flying,70,60,30,40,31,31,70,3840,0.3,2,50,"['Keen Eye', 'Sniper']",0,1
22,Fearow,normal,flying,100,90,65,65,61,61,70,3840,1.2,38,50,"['Keen Eye', 'Sniper']",0,1
23,Ekans,poison,,55,60,44,35,40,54,70,5120,2,6.9,50,"['Intimidate', 'Shed Skin', 'Unnerve']",0,1
24,Arbok,poison,,80,95,69,60,65,79,70,5120,3.5,65,50,"['Intimidate', 'Shed Skin', 'Unnerve']",0,1
25,Pikachu,electric,,90,55,40,35,50,50,70,2560,0.4,6,50,"['Static', 'Lightningrod']",0,1
26,Raichu,electric,electric,110,85,50,60,95,85,70,2560,,,50,"['Static', 'Lightningrod', 'Surge Surfer']",0,1
27,Sandshrew,ground,ice,40,75,90,50,10,35,70,5120,,,50,"['Sand Veil', 'Sand Rush', 'Snow Cloak', 'Slush Rush']",0,1
28,Sandslash,ground,ice,65,100,120,75,25,65,70,5120,,,50,"['Sand Veil', 'Sand Rush', 'Snow Cloak', 'Slush Rush']",0,1
29,Nidoran♀,poison,,41,47,52,55,40,40,70,5120,0.4,7,0,"['Poison Point', 'Rivalry', 'Hustle']",0,1
30,Nidorina,poison,,56,62,67,70,55,55,70,5120,0.8,20,0,"['Poison Point', 'Rivalry', 'Hustle']",0,1
31,Nidoqueen,poison,ground,76,92,87,90,75,85,70,5120,1.3,60,0,"['Poison Point', 'Rivalry', 'Sheer Force']",0,1
32,Nidoran♂,poison,,50,57,40,46,40,40,70,5120,0.5,9,100,"['Poison Point', 'Rivalry', 'Hustle']",0,1
33,Nidorino,poison,,65,72,57,61,55,55,70,5120,0.9,19.5,100,"['Poison Point', 'Rivalry', 'Hustle']",0,1
34,Nidoking,poison,ground,85,102,77,81,85,75,70,5120,1.4,62,100,"['Poison Point', 'Rivalry', 'Sheer Force']",0,1
35,Clefairy,fairy,,35,45,48,70,60,65,140,2560,0.6,7.5,24.6,"['Cute Charm', 'Magic Guard', 'Friend Guard']",0,1
36,Clefable,fairy,,60,70,73,95,95,90,140,2560,1.3,40,24.6,"['Cute Charm', 'Magic Guard', 'Unaware']",0,1
37,Vulpix,fire,ice,65,41,40,38,50,65,70,5120,,,24.6,"['Flash Fire', 'Drought', 'Snow Cloak', 'Snow Warning']",0,1
38,Ninetales,fire,ice,109,67,75,73,81,100,70,5120,,,24.6,"['Flash Fire', 'Drought', 'Snow Cloak', 'Snow Warning']",0,1
39,Jigglypuff,normal,fairy,20,45,20,115,45,25,70,2560,0.5,5.5,24.6,"['Cute Charm', 'Competitive', 'Friend Guard']",0,1
40,Wigglytuff,normal,fairy,45,70,45,140,85,50,70,2560,1,12,24.6,"['Cute Charm', 'Competitive', 'Frisk']",0,1
41,Zubat,poison,flying,55,45,35,40,30,40,70,3840,0.8,7.5,50,"['Inner Focus', 'Infiltrator']",0,1
42,Golbat,poison,flying,90,80,70,75,65,75,70,3840,1.6,55,50,"['Inner Focus', 'Infiltrator']",0,1
43,Oddish,grass,poison,30,50,55,45,75,65,70,5120,0.5,5.4,50,"['Chlorophyll', 'Run Away']",0,1
44,Gloom,grass,poison,40,65,70,60,85,75,70,5120,0.8,8.6,50,"['Chlorophyll', 'Stench']",0,1
45,Vileplume,grass,poison,50,80,85,75,110,90,70,5120,1.2,18.6,50,"['Chlorophyll', 'Effect Spore']",0,1
46,Paras,bug,grass,25,70,55,35,45,55,70,5120,0.3,5.4,50,"['Effect Spore', 'Dry Skin', 'Damp']",0,1
47,Parasect,bug,grass,30,95,80,60,60,80,70,5120,1,29.5,50,"['Effect Spore', 'Dry Skin', 'Damp']",0,1
48,Venonat,bug,poison,45,55,50,60,40,55,70,5120,1,30,50,"['Compoundeyes', 'Tinted Lens', 'Run Away']",0,1
49,Venomoth,bug,poison,90,65,60,70,90,75,70,5120,1.5,12.5,50,"['Shield Dust', 'Tinted Lens', 'Wonder Skin ']",0,1
50,Diglett,ground,ground,90,55,30,10,35,45,70,5120,,,50,"['Sand Veil', 'Arena Trap', 'Sand Force', 'Sand Veil', 'Tangling Hair', 'Sand Force']",0,1
51,Dugtrio,ground,ground,110,100,60,35,50,70,70,5120,,,50,"['Sand Veil', 'Arena Trap', 'Sand Force', 'Sand Veil', 'Tangling Hair', 'Sand Force']",0,1
52,Meowth,normal,dark,90,35,35,40,50,40,70,5120,,,50,"['Pickup', 'Technician', 'Unnerve', 'Pickup', 'Technician', 'Rattled']",0,1
53,Persian,normal,dark,115,60,60,65,75,65,70,5120,,,50,"['Limber', 'Technician', 'Unnerve', 'Fur Coat', 'Technician', 'Rattled']",0,1
54,Psyduck,water,,55,52,48,50,65,50,70,5120,0.8,19.6,50,"['Damp', 'Cloud Nine', 'Swift Swim']",0,1
55,Golduck,water,,85,82,78,80,95,80,70,5120,1.7,76.6,50,"['Damp', 'Cloud Nine', 'Swift Swim']",0,1
56,Mankey,fighting,,70,80,35,40,35,45,70,5120,0.5,28,50,"['Vital Spirit', 'Anger Point', 'Defiant']",0,1
57,Primeape,fighting,,95,105,60,65,60,70,70,5120,1,32,50,"['Vital Spirit', 'Anger Point', 'Defiant']",0,1
58,Growlithe,fire,,60,70,45,55,70,50,70,5120,0.7,19,75.4,"['Intimidate', 'Flash Fire', 'Justified']",0,1
59,Arcanine,fire,,95,110,80,90,100,80,70,5120,1.9,155,75.4,"['Intimidate', 'Flash Fire', 'Justified']",0,1
60,Poliwag,water,,90,50,40,40,40,40,70,5120,0.6,12.4,50,"['Water Absorb', 'Damp', 'Swift Swim']",0,1
61,Poliwhirl,water,,90,65,65,65,50,50,70,5120,1,20,50,"['Water Absorb', 'Damp', 'Swift Swim']",0,1
62,Poliwrath,water,fighting,70,95,95,90,70,90,70,5120,1.3,54,50,"['Water Absorb', 'Damp', 'Swift Swim']",0,1
63,Abra,psychic,,90,20,15,25,105,55,70,5120,0.9,19.5,75.4,"['Synchronize', 'Inner Focus', 'Magic Guard']",0,1
64,Kadabra,psychic,,105,35,30,40,120,70,70,5120,1.3,56.5,75.4,"['Synchronize', 'Inner Focus', 'Magic Guard']",0,1
65,Alakazam,psychic,,150,50,65,55,175,105,70,5120,1.5,48,75.4,"['Synchronize', 'Inner Focus', 'Magic Guard']",0,1
66,Machop,fighting,,35,80,50,70,35,35,70,5120,0.8,19.5,75.4,"['Guts', 'No Guard', 'Steadfast']",0,1
67,Machoke,fighting,,45,100,70,80,50,60,70,5120,1.5,70.5,75.4,"['Guts', 'No Guard', 'Steadfast']",0,1
68,Machamp,fighting,,55,130,80,90,65,85,70,5120,1.6,130,75.4,"['Guts', 'No Guard', 'Steadfast']",0,1
69,Bellsprout,grass,poison,40,75,35,50,70,30,70,5120,0.7,4,50,"['Chlorophyll', 'Gluttony']",0,1
70,Weepinbell,grass,poison,55,90,50,65,85,45,70,5120,1,6.4,50,"['Chlorophyll', 'Gluttony']",0,1
71,Victreebel,grass,poison,70,105,65,80,100,70,70,5120,1.7,15.5,50,"['Chlorophyll', 'Gluttony']",0,1
72,Tentacool,water,poison,70,40,35,40,50,100,70,5120,0.9,45.5,50,"['Clear Body', 'Liquid Ooze', 'Rain Dish']",0,1
73,Tentacruel,water,poison,100,70,65,80,80,120,70,5120,1.6,55,50,"['Clear Body', 'Liquid Ooze', 'Rain Dish']",0,1
74,Geodude,rock,ground,20,80,100,40,30,30,70,3840,,,50,"['Rock Head', 'Sturdy', 'Sand Veil', 'Magnet Pull', 'Sturdy', 'Galvanize']",0,1
75,Graveler,rock,ground,35,95,115,55,45,45,70,3840,,,50,"['Rock Head', 'Sturdy', 'Sand Veil', 'Magnet Pull', 'Sturdy', 'Galvanize']",0,1
76,Golem,rock,ground,45,120,130,80,55,65,70,3840,,,50,"['Rock Head', 'Sturdy', 'Sand Veil', 'Magnet Pull', 'Sturdy', 'Galvanize']",0,1
77,Ponyta,fire,,90,85,55,50,65,65,70,5120,1,30,50,"['Run Away', 'Flash Fire', 'Flame Body']",0,1
78,Rapidash,fire,,105,100,70,65,80,80,70,5120,1.7,95,50,"['Run Away', 'Flash Fire', 'Flame Body']",0,1
79,Slowpoke,water,psychic,15,65,65,90,40,40,70,5120,1.2,36,50,"['Oblivious', 'Own Tempo', 'Regenerator']",0,1
80,Slowbro,water,psychic,30,75,180,95,130,80,70,5120,1.6,78.5,50,"['Oblivious', 'Own Tempo', 'Regenerator']",0,1
81,Magnemite,electric,steel,45,35,70,25,95,55,70,5120,0.3,6,,"['Magnet Pull', 'Sturdy', 'Analytic']",0,1
82,Magneton,electric,steel,70,60,95,50,120,70,70,5120,1,60,,"['Magnet Pull', 'Sturdy', 'Analytic']",0,1
83,Farfetch'd,normal,flying,60,90,55,52,58,62,70,5120,0.8,15,50,"['Keen Eye', 'Inner Focus', 'Defiant']",0,1
84,Doduo,normal,flying,75,85,45,35,35,35,70,5120,1.4,39.2,50,"['Run Away', 'Early Bird', 'Tangled Feet']",0,1
85,Dodrio,normal,flying,110,110,70,60,60,60,70,5120,1.8,85.2,50,"['Run Away', 'Early Bird', 'Tangled Feet']",0,1
86,Seel,water,,45,45,55,65,45,70,70,5120,1.1,90,50,"['Thick Fat', 'Hydration', 'Ice Body']",0,1
87,Dewgong,water,ice,70,70,80,90,70,95,70,5120,1.7,120,50,"['Thick Fat', 'Hydration', 'Ice Body']",0,1
88,Grimer,poison,poison,25,80,50,80,40,50,70,5120,,,50,"['Stench', 'Sticky Hold', 'Poison Touch', 'Poison Touch', 'Gluttony', 'Power of Alchemy']",0,1
89,Muk,poison,poison,50,105,75,105,65,100,70,5120,,,50,"['Stench', 'Sticky Hold', 'Poison Touch', 'Poison Touch', 'Gluttony', 'Power of Alchemy']",0,1
90,Shellder,water,,40,65,100,30,45,25,70,5120,0.3,4,50,"['Shell Armor', 'Skill Link', 'Overcoat']",0,1
91,Cloyster,water,ice,70,95,180,50,85,45,70,5120,1.5,132.5,50,"['Shell Armor', 'Skill Link', 'Overcoat']",0,1
92,Gastly,ghost,poison,80,35,30,30,100,35,70,5120,1.3,0.1,50,['Levitate'],0,1
93,Haunter,ghost,poison,95,50,45,45,115,55,70,5120,1.6,0.1,50,['Levitate'],0,1
94,Gengar,ghost,poison,130,65,80,60,170,95,70,5120,1.5,40.5,50,['Cursed Body'],0,1
95,Onix,rock,ground,70,45,160,35,30,45,70,6400,8.8,210,50,"['Rock Head', 'Sturdy', 'Weak Armor']",0,1
96,Drowzee,psychic,,42,48,45,60,43,90,70,5120,1,32.4,50,"['Insomnia', 'Forewarn', 'Inner Focus']",0,1
97,Hypno,psychic,,67,73,70,85,73,115,70,5120,1.6,75.6,50,"['Insomnia', 'Forewarn', 'Inner Focus']",0,1
98,Krabby,water,,50,105,90,30,25,25,70,5120,0.4,6.5,50,"['Hyper Cutter', 'Shell Armor', 'Sheer Force']",0,1
99,Kingler,water,,75,130,115,55,50,50,70,5120,1.3,60,50,"['Hyper Cutter', 'Shell Armor', 'Sheer Force']",0,1
100,Voltorb,electric,,100,30,50,40,55,55,70,5120,0.5,10.4,,"['Soundproof', 'Static', 'Aftermath']",0,1
101,Electrode,electric,,150,50,70,60,80,80,70,5120,1.2,66.6,,"['Soundproof', 'Static', 'Aftermath']",0,1
102,Exeggcute,grass,psychic,40,40,80,60,60,45,70,5120,0.4,2.5,50,"['Chlorophyll', 'Harvest']",0,1
103,Exeggutor,grass,psychic,45,105,85,95,125,75,70,5120,,,50,"['Chlorophyll', 'Harvest', 'Frisk', 'Harvest']",0,1
104,Cubone,ground,,35,50,95,50,40,50,70,5120,0.4,6.5,50,"['Rock Head', 'Lightningrod', 'Battle Armor']",0,1
105,Marowak,ground,fire,45,80,110,60,50,80,70,5120,,,50,"['Rock Head', 'Lightningrod', 'Battle Armor', 'Cursed Body', 'Lightningrod', 'Rock Head']",0,1
106,Hitmonlee,fighting,,87,120,53,50,35,110,70,6400,1.5,49.8,100,"['Limber', 'Reckless', 'Unburden']",0,1
107,Hitmonchan,fighting,,76,105,79,50,35,110,70,6400,1.4,50.2,100,"['Keen Eye', 'Iron Fist', 'Inner Focus']",0,1
108,Lickitung,normal,,30,55,75,90,60,75,70,5120,1.2,65.5,50,"['Own Tempo', 'Oblivious', 'Cloud Nine']",0,1
109,Koffing,poison,,35,65,95,40,60,45,70,5120,0.6,1,50,['Levitate'],0,1
110,Weezing,poison,,60,90,120,65,85,70,70,5120,1.2,9.5,50,['Levitate'],0,1
111,Rhyhorn,ground,rock,25,85,95,80,30,30,70,5120,1,115,50,"['Lightningrod', 'Rock Head', 'Reckless']",0,1
112,Rhydon,ground,rock,40,130,120,105,45,45,70,5120,1.9,120,50,"['Lightningrod', 'Rock Head', 'Reckless']",0,1
113,Chansey,normal,,50,5,5,250,35,105,140,10240,1.1,34.6,0,"['Natural Cure', 'Serene Grace', 'Healer']",0,1
114,Tangela,grass,,60,55,115,65,100,40,70,5120,1,35,50,"['Chlorophyll', 'Leaf Guard', 'Regenerator']",0,1
115,Kangaskhan,normal,,100,125,100,105,60,100,70,5120,2.2,80,0,"['Early Bird', 'Scrappy', 'Inner Focus']",0,1
116,Horsea,water,,60,40,70,30,70,25,70,5120,0.4,8,50,"['Swift Swim', 'Sniper', 'Damp']",0,1
117,Seadra,water,,85,65,95,55,95,45,70,5120,1.2,25,50,"['Poison Point', 'Sniper', 'Damp']",0,1
118,Goldeen,water,,63,67,60,45,35,50,70,5120,0.6,15,50,"['Swift Swim', 'Water Veil', 'Lightningrod']",0,1
119,Seaking,water,,68,92,65,80,65,80,70,5120,1.3,39,50,"['Swift Swim', 'Water Veil', 'Lightningrod']",0,1
120,Staryu,water,,85,45,55,30,70,55,70,5120,0.8,34.5,,"['Illuminate', 'Natural Cure', 'Analytic']",0,1
121,Starmie,water,psychic,115,75,85,60,100,85,70,5120,1.1,80,,"['Illuminate', 'Natural Cure', 'Analytic']",0,1
122,Mr. Mime,psychic,fairy,90,45,65,40,100,120,70,6400,1.3,54.5,50,"['Soundproof', 'Filter', 'Technician']",0,1
123,Scyther,bug,flying,105,110,80,70,55,80,70,6400,1.5,56,50,"['Swarm', 'Technician', 'Steadfast']",0,1
124,Jynx,ice,psychic,95,50,35,65,115,95,70,6400,1.4,40.6,0,"['Oblivious', 'Forewarn', 'Dry Skin']",0,1
125,Electabuzz,electric,,105,83,57,65,95,85,70,6400,1.1,30,75.4,"['Static', 'Vital Spirit']",0,1
126,Magmar,fire,,93,95,57,65,100,85,70,6400,1.3,44.5,75.4,"['Flame Body', 'Vital Spirit']",0,1
127,Pinsir,bug,,105,155,120,65,65,90,70,6400,1.5,55,50,"['Hyper Cutter', 'Mold Breaker', 'Moxie']",0,1
128,Tauros,normal,,110,100,95,75,40,70,70,5120,1.4,88.4,100,"['Intimidate', 'Anger Point', 'Sheer Force']",0,1
129,Magikarp,water,,80,10,55,20,15,20,70,1280,0.9,10,50,"['Swift Swim', 'Rattled']",0,1
130,Gyarados,water,flying,81,155,109,95,70,130,70,1280,6.5,235,50,"['Intimidate', 'Moxie']",0,1
131,Lapras,water,ice,60,85,80,130,85,95,70,10240,2.5,220,50,"['Water Absorb', 'Shell Armor', 'Hydration']",0,1
132,Ditto,normal,,48,48,48,48,48,48,70,5120,0.3,4,,"['Limber', 'Imposter']",0,1
133,Eevee,normal,,55,55,50,55,45,65,70,8960,0.3,6.5,88.1,"['Run Away', 'Adaptability', 'Anticipation']",0,1
134,Vaporeon,water,,65,65,60,130,110,95,70,8960,1,29,88.1,"['Water Absorb', 'Hydration']",0,1
135,Jolteon,electric,,130,65,60,65,110,95,70,8960,0.8,24.5,88.1,"['Volt Absorb', 'Quick Feet']",0,1
136,Flareon,fire,,65,130,60,65,95,110,70,8960,0.9,25,88.1,"['Flash Fire', 'Guts']",0,1
137,Porygon,normal,,40,60,70,65,85,75,70,5120,0.8,36.5,,"['Trace', 'Download', 'Analytic']",0,1
138,Omanyte,rock,water,35,40,100,35,90,55,70,7680,0.4,7.5,88.1,"['Swift Swim', 'Shell Armor', 'Weak Armor']",0,1
139,Omastar,rock,water,55,60,125,70,115,70,70,7680,1,35,88.1,"['Swift Swim', 'Shell Armor', 'Weak Armor']",0,1
140,Kabuto,rock,water,55,80,90,30,55,45,70,7680,0.5,11.5,88.1,"['Swift Swim', 'Battle Armor', 'Weak Armor']",0,1
141,Kabutops,rock,water,80,115,105,60,65,70,70,7680,1.3,40.5,88.1,"['Swift Swim', 'Battle Armor', 'Weak Armor']",0,1
142,Aerodactyl,rock,flying,150,135,85,80,70,95,70,8960,1.8,59,88.1,"['Rock Head', 'Pressure', 'Unnerve']",0,1
143,Snorlax,normal,,30,110,65,160,65,110,70,10240,2.1,460,88.1,"['Immunity', 'Thick Fat', 'Gluttony']",0,1
144,Articuno,ice,flying,85,85,100,90,95,125,35,20480,1.7,55.4,,"['Pressure', 'Snow Cloak']",1,1
145,Zapdos,electric,flying,100,90,85,90,125,90,35,20480,1.6,52.6,,"['Pressure', 'Static']",1,1
146,Moltres,fire,flying,90,100,90,90,125,85,35,20480,2,60,,"['Pressure', 'Flame Body']",1,1
147,Dratini,dragon,,50,64,45,41,50,50,35,10240,1.8,3.3,50,"['Shed Skin', 'Marvel Scale']",0,1
148,Dragonair,dragon,,70,84,65,61,70,70,35,10240,4,16.5,50,"['Shed Skin', 'Marvel Scale']",0,1
149,Dragonite,dragon,flying,80,134,95,91,100,100,35,10240,2.2,210,50,"['Inner Focus', 'Multiscale']",0,1
150,Mewtwo,psychic,,140,150,70,106,194,120,0,30720,2,122,,"['Pressure', 'Unnerve']",1,1
151,Mew,psychic,,100,100,100,100,100,100,100,30720,0.4,4,,['Synchronize'],1,1
152,Chikorita,grass,,45,49,65,45,49,65,70,5120,0.9,6.4,88.1,"['Overgrow', 'Leaf Guard']",0,2
153,Bayleef,grass,,60,62,80,60,63,80,70,5120,1.2,15.8,88.1,"['Overgrow', 'Leaf Guard']",0,2
154,Meganium,grass,,80,82,100,80,83,100,70,5120,1.8,100.5,88.1,"['Overgrow', 'Leaf Guard']",0,2
155,Cyndaquil,fire,,65,52,43,39,60,50,70,5120,0.5,7.9,88.1,"['Blaze', 'Flash Fire']",0,2
156,Quilava,fire,,80,64,58,58,80,65,70,5120,0.9,19,88.1,"['Blaze', 'Flash Fire']",0,2
157,Typhlosion,fire,,100,84,78,78,109,85,70,5120,1.7,79.5,88.1,"['Blaze', 'Flash Fire']",0,2
158,Totodile,water,,43,65,64,50,44,48,70,5120,0.6,9.5,88.1,"['Torrent', 'Sheer Force']",0,2
159,Croconaw,water,,58,80,80,65,59,63,70,5120,1.1,25,88.1,"['Torrent', 'Sheer Force']",0,2
160,Feraligatr,water,,78,105,100,85,79,83,70,5120,2.3,88.8,88.1,"['Torrent', 'Sheer Force']",0,2
161,Sentret,normal,,20,46,34,35,35,45,70,3840,0.8,6,50,"['Run Away', 'Keen Eye', 'Frisk']",0,2
162,Furret,normal,,90,76,64,85,45,55,70,3840,1.8,32.5,50,"['Run Away', 'Keen Eye', 'Frisk']",0,2
163,Hoothoot,normal,flying,50,30,30,60,36,56,70,3840,0.7,21.2,50,"['Insomnia', 'Keen Eye', 'Tinted Lens']",0,2
164,Noctowl,normal,flying,70,50,50,100,86,96,70,3840,1.6,40.8,50,"['Insomnia', 'Keen Eye', 'Tinted Lens']",0,2
165,Ledyba,bug,flying,55,20,30,40,40,80,70,3840,1,10.8,50,"['Swarm', 'Early Bird', 'Rattled']",0,2
166,Ledian,bug,flying,85,35,50,55,55,110,70,3840,1.4,35.6,50,"['Swarm', 'Early Bird', 'Iron Fist']",0,2
167,Spinarak,bug,poison,30,60,40,40,40,40,70,3840,0.5,8.5,50,"['Swarm', 'Insomnia', 'Sniper']",0,2
168,Ariados,bug,poison,40,90,70,70,60,70,70,3840,1.1,33.5,50,"['Swarm', 'Insomnia', 'Sniper']",0,2
169,Crobat,poison,flying,130,90,80,85,70,80,70,3840,1.8,75,50,"['Inner Focus', 'Infiltrator']",0,2
170,Chinchou,water,electric,67,38,38,75,56,56,70,5120,0.5,12,50,"['Volt Absorb', 'Illuminate', 'Water Absorb']",0,2
171,Lanturn,water,electric,67,58,58,125,76,76,70,5120,1.2,22.5,50,"['Volt Absorb', 'Illuminate', 'Water Absorb']",0,2
172,Pichu,electric,,60,40,15,20,35,35,70,2560,0.3,2,50,"['Static', 'Lightningrod']",0,2
173,Cleffa,fairy,,15,25,28,50,45,55,140,2560,0.3,3,24.6,"['Cute Charm', 'Magic Guard', 'Friend Guard']",0,2
174,Igglybuff,normal,fairy,15,30,15,90,40,20,70,2560,0.3,1,24.6,"['Cute Charm', 'Competitive', 'Friend Guard']",0,2
175,Togepi,fairy,,20,20,65,35,40,65,70,2560,0.3,1.5,88.1,"['Hustle', 'Serene Grace', 'Super Luck']",0,2
176,Togetic,fairy,flying,40,40,85,55,80,105,70,2560,0.6,3.2,88.1,"['Hustle', 'Serene Grace', 'Super Luck']",0,2
177,Natu,psychic,flying,70,50,45,40,70,45,70,5120,0.2,2,50,"['Synchronize', 'Early Bird', 'Magic Bounce']",0,2
178,Xatu,psychic,flying,95,75,70,65,95,70,70,5120,1.5,15,50,"['Synchronize', 'Early Bird', 'Magic Bounce']",0,2
179,Mareep,electric,,35,40,40,55,65,45,70,5120,0.6,7.8,50,"['Static', 'Plus']",0,2
180,Flaaffy,electric,,45,55,55,70,80,60,70,5120,0.8,13.3,50,"['Static', 'Plus']",0,2
181,Ampharos,electric,,45,95,105,90,165,110,70,5120,1.4,61.5,50,"['Static', 'Plus']",0,2
182,Bellossom,grass,,50,80,95,75,90,100,70,5120,0.4,5.8,50,"['Chlorophyll', 'Healer']",0,2
183,Marill,water,fairy,40,20,50,70,20,50,70,2560,0.4,8.5,50,"['Thick Fat', 'Huge Power', 'Sap Sipper']",0,2
184,Azumarill,water,fairy,50,50,80,100,60,80,70,2560,0.8,28.5,50,"['Thick Fat', 'Huge Power', 'Sap Sipper']",0,2
185,Sudowoodo,rock,,30,100,115,70,30,65,70,5120,1.2,38,50,"['Sturdy', 'Rock Head', 'Rattled']",0,2
186,Politoed,water,,70,75,75,90,90,100,70,5120,1.1,33.9,50,"['Water Absorb', 'Damp', 'Drizzle']",0,2
187,Hoppip,grass,flying,50,35,40,35,35,55,70,5120,0.4,0.5,50,"['Chlorophyll', 'Leaf Guard', 'Infiltrator']",0,2
188,Skiploom,grass,flying,80,45,50,55,45,65,70,5120,0.6,1,50,"['Chlorophyll', 'Leaf Guard', 'Infiltrator']",0,2
189,Jumpluff,grass,flying,110,55,70,75,55,95,70,5120,0.8,3,50,"['Chlorophyll', 'Leaf Guard', 'Infiltrator']",0,2
190,Aipom,normal,,85,70,55,55,40,55,70,5120,0.8,11.5,50,"['Run Away', 'Pickup', 'Skill Link']",0,2
191,Sunkern,grass,,30,30,30,30,30,30,70,5120,0.3,1.8,50,"['Chlorophyll', 'Solar Power', 'Early Bird']",0,2
192,Sunflora,grass,,30,75,55,75,105,85,70,5120,0.8,8.5,50,"['Chlorophyll', 'Solar Power', 'Early Bird']",0,2
193,Yanma,bug,flying,95,65,45,65,75,45,70,5120,1.2,38,50,"['Speed Boost', 'Compoundeyes', 'Frisk']",0,2
194,Wooper,water,ground,15,45,45,55,25,25,70,5120,0.4,8.5,50,"['Damp', 'Water Absorb', 'Unaware']",0,2
195,Quagsire,water,ground,35,85,85,95,65,65,70,5120,1.4,75,50,"['Damp', 'Water Absorb', 'Unaware']",0,2
196,Espeon,psychic,,110,65,60,65,130,95,70,8960,0.9,26.5,88.1,"['Synchronize', 'Magic Bounce']",0,2
197,Umbreon,dark,,65,65,110,95,60,130,35,8960,1,27,88.1,"['Synchronize', 'Inner Focus']",0,2
198,Murkrow,dark,flying,91,85,42,60,85,42,35,5120,0.5,2.1,50,"['Insomnia', 'Super Luck', 'Prankster']",0,2
199,Slowking,water,psychic,30,75,80,95,100,110,70,5120,2,79.5,50,"['Oblivious', 'Own Tempo', 'Regenerator']",0,2
200,Misdreavus,ghost,,85,60,60,60,85,85,35,6400,0.7,1,50,['Levitate'],0,2
201,Unown,psychic,,48,72,48,48,72,48,70,10240,0.5,5,,['Levitate'],0,2
202,Wobbuffet,psychic,,33,33,58,190,33,58,70,5120,1.3,28.5,50,"['Shadow Tag', 'Telepathy']",0,2
203,Girafarig,normal,psychic,85,80,65,70,90,65,70,5120,1.5,41.5,50,"['Inner Focus', 'Early Bird', 'Sap Sipper']",0,2
204,Pineco,bug,,15,65,90,50,35,35,70,5120,0.6,7.2,50,"['Sturdy', 'Overcoat']",0,2
205,Forretress,bug,steel,40,90,140,75,60,60,70,5120,1.2,125.8,50,"['Sturdy', 'Overcoat']",0,2
206,Dunsparce,normal,,45,70,70,100,65,65,70,5120,1.5,14,50,"['Serene Grace', 'Run Away', 'Rattled']",0,2
207,Gligar,ground,flying,85,75,105,65,35,65,70,5120,1.1,64.8,50,"['Hyper Cutter', 'Sand Veil', 'Immunity']",0,2
208,Steelix,steel,ground,30,125,230,75,55,95,70,6400,9.2,400,50,"['Rock Head', 'Sturdy', 'Sheer Force']",0,2
209,Snubbull,fairy,,30,80,50,60,40,40,70,5120,0.6,7.8,24.6,"['Intimidate', 'Run Away', 'Rattled']",0,2
210,Granbull,fairy,,45,120,75,90,60,60,70,5120,1.4,48.7,24.6,"['Intimidate', 'Quick Feet', 'Rattled']",0,2
211,Qwilfish,water,poison,85,95,85,65,55,55,70,5120,0.5,3.9,50,"['Poison Point', 'Swift Swim', 'Intimidate']",0,2
212,Scizor,bug,steel,75,150,140,70,65,100,70,6400,1.8,118,50,"['Swarm', 'Technician', 'Light Metal']",0,2
213,Shuckle,bug,rock,5,10,230,20,10,230,70,5120,0.6,20.5,50,"['Sturdy', 'Gluttony', 'Contrary']",0,2
214,Heracross,bug,fighting,75,185,115,80,40,105,70,6400,1.5,54,50,"['Swarm', 'Guts', 'Moxie']",0,2
215,Sneasel,dark,ice,115,95,55,55,35,75,35,5120,0.9,28,50,"['Inner Focus', 'Keen Eye', 'Pickpocket']",0,2
216,Teddiursa,normal,,40,80,50,60,50,50,70,5120,0.6,8.8,50,"['Pickup', 'Quick Feet', 'Honey Gather']",0,2
217,Ursaring,normal,,55,130,75,90,75,75,70,5120,1.8,125.8,50,"['Guts', 'Quick Feet', 'Unnerve']",0,2
218,Slugma,fire,,20,40,40,40,70,40,70,5120,0.7,35,50,"['Magma Armor', 'Flame Body', 'Weak Armor']",0,2
219,Magcargo,fire,rock,30,50,120,60,90,80,70,5120,0.8,55,50,"['Magma Armor', 'Flame Body', 'Weak Armor']",0,2
220,Swinub,ice,ground,50,50,40,50,30,30,70,5120,0.4,6.5,50,"['Oblivious', 'Snow Cloak', 'Thick Fat']",0,2
221,Piloswine,ice,ground,50,100,80,100,60,60,70,5120,1.1,55.8,50,"['Oblivious', 'Snow Cloak', 'Thick Fat']",0,2
222,Corsola,water,rock,35,55,95,65,65,95,70,5120,0.6,5,24.6,"['Hustle', 'Natural Cure', 'Regenerator']",0,2
223,Remoraid,water,,65,65,35,35,65,35,70,5120,0.6,12,50,"['Hustle', 'Sniper', 'Moody']",0,2
224,Octillery,water,,45,105,75,75,105,75,70,5120,0.9,28.5,50,"['Suction Cups', 'Sniper', 'Moody']",0,2
225,Delibird,ice,flying,75,55,45,45,65,45,70,5120,0.9,16,50,"['Vital Spirit', 'Hustle', 'Insomnia']",0,2
226,Mantine,water,flying,70,40,70,85,80,140,70,6400,2.1,220,50,"['Swift Swim', 'Water Absorb', 'Water Veil']",0,2
227,Skarmory,steel,flying,70,80,140,65,40,70,70,6400,1.7,50.5,50,"['Keen Eye', 'Sturdy', 'Weak Armor']",0,2
228,Houndour,dark,fire,65,60,30,45,80,50,35,5120,0.6,10.8,50,"['Early Bird', 'Flash Fire', 'Unnerve']",0,2
229,Houndoom,dark,fire,115,90,90,75,140,90,35,5120,1.4,35,50,"['Early Bird', 'Flash Fire', 'Unnerve']",0,2
230,Kingdra,water,dragon,85,95,95,75,95,95,70,5120,1.8,152,50,"['Swift Swim', 'Sniper', 'Damp']",0,2
231,Phanpy,ground,,40,60,60,90,40,40,70,5120,0.5,33.5,50,"['Pickup', 'Sand Veil']",0,2
232,Donphan,ground,,50,120,120,90,60,60,70,5120,1.1,120,50,"['Sturdy', 'Sand Veil']",0,2
233,Porygon2,normal,,60,80,90,85,105,95,70,5120,0.6,32.5,,"['Trace', 'Download', 'Analytic']",0,2
234,Stantler,normal,,85,95,62,73,85,65,70,5120,1.4,71.2,50,"['Intimidate', 'Frisk', 'Sap Sipper']",0,2
235,Smeargle,normal,,75,20,35,55,20,45,70,5120,1.2,58,50,"['Own Tempo', 'Technician', 'Moody']",0,2
236,Tyrogue,fighting,,35,35,35,35,35,35,70,6400,0.7,21,100,"['Guts', 'Steadfast', 'Vital Spirit']",0,2
237,Hitmontop,fighting,,70,95,95,50,35,110,70,6400,1.4,48,100,"['Intimidate', 'Technician', 'Steadfast']",0,2
238,Smoochum,ice,psychic,65,30,15,45,85,65,70,6400,0.4,6,0,"['Oblivious', 'Forewarn', 'Hydration']",0,2
239,Elekid,electric,,95,63,37,45,65,55,70,6400,0.6,23.5,75.4,"['Static', 'Vital Spirit']",0,2
240,Magby,fire,,83,75,37,45,70,55,70,6400,0.7,21.4,75.4,"['Flame Body', 'Vital Spirit']",0,2
241,Miltank,normal,,100,80,105,95,40,70,70,5120,1.2,75.5,0,"['Thick Fat', 'Scrappy', 'Sap Sipper']",0,2
242,Blissey,normal,,55,10,10,255,75,135,140,10240,1.5,46.8,0,"['Natural Cure', 'Serene Grace', 'Healer']",0,2
243,Raikou,electric,,115,85,75,90,115,100,35,20480,1.9,178,,"['Pressure', 'Inner Focus']",1,2
244,Entei,fire,,100,115,85,115,90,75,35,20480,2.1,198,,"['Pressure', 'Inner Focus']",1,2
245,Suicune,water,,85,75,115,100,90,115,35,20480,2,187,,"['Pressure', 'Inner Focus']",1,2
246,Larvitar,rock,ground,41,64,50,50,45,50,35,10240,0.6,72,50,"['Guts', 'Sand Veil']",0,2
247,Pupitar,rock,ground,51,84,70,70,65,70,35,10240,1.2,152,50,['Shed Skin'],0,2
248,Tyranitar,rock,dark,71,164,150,100,95,120,35,10240,2,202,50,"['Sand Stream', 'Unnerve']",0,2
249,Lugia,psychic,flying,110,90,130,106,90,154,0,30720,5.2,216,,"['Pressure', 'Multiscale']",1,2
250,Ho-Oh,fire,flying,90,130,90,106,110,154,0,30720,3.8,199,,"['Pressure', 'Regenerator']",1,2
251,Celebi,psychic,grass,100,100,100,100,100,100,100,30720,0.6,5,,['Natural Cure'],1,2
252,Treecko,grass,,70,45,35,40,65,55,70,5120,0.5,5,88.1,"['Overgrow', 'Unburden']",0,3
253,Grovyle,grass,,95,65,45,50,85,65,70,5120,0.9,21.6,88.1,"['Overgrow', 'Unburden']",0,3
254,Sceptile,grass,,145,110,75,70,145,85,70,5120,1.7,52.2,88.1,"['Overgrow', 'Unburden']",0,3
255,Torchic,fire,,45,60,40,45,70,50,70,5120,0.4,2.5,88.1,"['Blaze', 'Speed Boost']",0,3
256,Combusken,fire,fighting,55,85,60,60,85,60,70,5120,0.9,19.5,88.1,"['Blaze', 'Speed Boost']",0,3
257,Blaziken,fire,fighting,100,160,80,80,130,80,70,5120,1.9,52,88.1,"['Blaze', 'Speed Boost']",0,3
258,Mudkip,water,,40,70,50,50,50,50,70,5120,0.4,7.6,88.1,"['Torrent', 'Damp']",0,3
259,Marshtomp,water,ground,50,85,70,70,60,70,70,5120,0.7,28,88.1,"['Torrent', 'Damp']",0,3
260,Swampert,water,ground,70,150,110,100,95,110,70,5120,1.5,81.9,88.1,"['Torrent', 'Damp']",0,3
261,Poochyena,dark,,35,55,35,35,30,30,70,3840,0.5,13.6,50,"['Run Away', 'Quick Feet', 'Rattled']",0,3
262,Mightyena,dark,,70,90,70,70,60,60,70,3840,1,37,50,"['Intimidate', 'Quick Feet', 'Moxie']",0,3
263,Zigzagoon,normal,,60,30,41,38,30,41,70,3840,0.4,17.5,50,"['Pickup', 'Gluttony', 'Quick Feet']",0,3
264,Linoone,normal,,100,70,61,78,50,61,70,3840,0.5,32.5,50,"['Pickup', 'Gluttony', 'Quick Feet']",0,3
265,Wurmple,bug,,20,45,35,45,20,30,70,3840,0.3,3.6,50,"['Shield Dust', 'Run Away']",0,3
266,Silcoon,bug,,15,35,55,50,25,25,70,3840,0.6,10,50,['Shed Skin'],0,3
267,Beautifly,bug,flying,65,70,50,60,100,50,70,3840,1,28.4,50,"['Swarm', 'Rivalry']",0,3
268,Cascoon,bug,,15,35,55,50,25,25,70,3840,0.7,11.5,50,['Shed Skin'],0,3
269,Dustox,bug,poison,65,50,70,60,50,90,70,3840,1.2,31.6,50,"['Shield Dust', 'Compoundeyes']",0,3
270,Lotad,water,grass,30,30,30,40,40,50,70,3840,0.5,2.6,50,"['Swift Swim', 'Rain Dish', 'Own Tempo']",0,3
271,Lombre,water,grass,50,50,50,60,60,70,70,3840,1.2,32.5,50,"['Swift Swim', 'Rain Dish', 'Own Tempo']",0,3
272,Ludicolo,water,grass,70,70,70,80,90,100,70,3840,1.5,55,50,"['Swift Swim', 'Rain Dish', 'Own Tempo']",0,3
273,Seedot,grass,,30,40,50,40,30,30,70,3840,0.5,4,50,"['Chlorophyll', 'Early Bird', 'Pickpocket']",0,3
274,Nuzleaf,grass,dark,60,70,40,70,60,40,70,3840,1,28,50,"['Chlorophyll', 'Early Bird', 'Pickpocket']",0,3
275,Shiftry,grass,dark,80,100,60,90,90,60,70,3840,1.3,59.6,50,"['Chlorophyll', 'Early Bird', 'Pickpocket']",0,3
276,Taillow,normal,flying,85,55,30,40,30,30,70,3840,0.3,2.3,50,"['Guts', 'Scrappy']",0,3
277,Swellow,normal,flying,125,85,60,60,75,50,70,3840,0.7,19.8,50,"['Guts', 'Scrappy']",0,3
278,Wingull,water,flying,85,30,30,40,55,30,70,5120,0.6,9.5,50,"['Keen Eye', 'Hydration', 'Rain Dish']",0,3
279,Pelipper,water,flying,65,50,100,60,95,70,70,5120,1.2,28,50,"['Keen Eye', 'Drizzle', 'Rain Dish']",0,3
280,Ralts,psychic,fairy,40,25,25,28,45,35,35,5120,0.4,6.6,50,"['Synchronize', 'Trace', 'Telepathy']",0,3
281,Kirlia,psychic,fairy,50,35,35,38,65,55,35,5120,0.8,20.2,50,"['Synchronize', 'Trace', 'Telepathy']",0,3
282,Gardevoir,psychic,fairy,100,85,65,68,165,135,35,5120,1.6,48.4,50,"['Synchronize', 'Trace', 'Telepathy']",0,3
283,Surskit,bug,water,65,30,32,40,50,52,70,3840,0.5,1.7,50,"['Swift Swim', 'Rain Dish']",0,3
284,Masquerain,bug,flying,80,60,62,70,100,82,70,3840,0.8,3.6,50,"['Intimidate', 'Unnerve']",0,3
285,Shroomish,grass,,35,40,60,60,40,60,70,3840,0.4,4.5,50,"['Effect Spore', 'Poison Heal', 'Quick Feet']",0,3
286,Breloom,grass,fighting,70,130,80,60,60,60,70,3840,1.2,39.2,50,"['Effect Spore', 'Poison Heal', 'Technician']",0,3
287,Slakoth,normal,,30,60,60,60,35,35,70,3840,0.8,24,50,['Truant'],0,3
288,Vigoroth,normal,,90,80,80,80,55,55,70,3840,1.4,46.5,50,['Vital Spirit'],0,3
289,Slaking,normal,,100,160,100,150,95,65,70,3840,2,130.5,50,['Truant'],0,3
290,Nincada,bug,ground,40,45,90,31,30,30,70,3840,0.5,5.5,50,"['Compoundeyes', 'Run Away']",0,3
291,Ninjask,bug,flying,160,90,45,61,50,50,70,3840,0.8,12,50,"['Speed Boost', 'Infiltrator']",0,3
292,Shedinja,bug,ghost,40,90,45,1,30,30,70,3840,0.8,1.2,,['Wonder Guard'],0,3
293,Whismur,normal,,28,51,23,64,51,23,70,5120,0.6,16.3,50,"['Soundproof', 'Rattled']",0,3
294,Loudred,normal,,48,71,43,84,71,43,70,5120,1,40.5,50,"['Soundproof', 'Scrappy']",0,3
295,Exploud,normal,,68,91,63,104,91,73,70,5120,1.5,84,50,"['Soundproof', 'Scrappy']",0,3
296,Makuhita,fighting,,25,60,30,72,20,30,70,5120,1,86.4,75.4,"['Thick Fat', 'Guts', 'Sheer Force']",0,3
297,Hariyama,fighting,,50,120,60,144,40,60,70,5120,2.3,253.8,75.4,"['Thick Fat', 'Guts', 'Sheer Force']",0,3
298,Azurill,normal,fairy,20,20,40,50,20,40,70,2560,0.2,2,24.6,"['Thick Fat', 'Huge Power', 'Sap Sipper']",0,3
299,Nosepass,rock,,30,45,135,30,45,90,70,5120,1,97,50,"['Sturdy', 'Magnet Pull', 'Sand Force']",0,3
300,Skitty,normal,,50,45,45,50,35,35,70,3840,0.6,11,24.6,"['Cute Charm', 'Normalize', 'Wonder Skin ']",0,3
301,Delcatty,normal,,90,65,65,70,55,55,70,3840,1.1,32.6,24.6,"['Cute Charm', 'Normalize', 'Wonder Skin ']",0,3
302,Sableye,dark,ghost,20,85,125,50,85,115,35,6400,0.5,11,50,"['Keen Eye', 'Stall', 'Prankster']",0,3
303,Mawile,steel,fairy,50,105,125,50,55,95,70,5120,0.6,11.5,50,"['Hyper Cutter', 'Intimidate', 'Sheer Force']",0,3
304,Aron,steel,rock,30,70,100,50,40,40,35,8960,0.4,60,50,"['Sturdy', 'Rock Head', 'Heavy Metal']",0,3
305,Lairon,steel,rock,40,90,140,60,50,50,35,8960,0.9,120,50,"['Sturdy', 'Rock Head', 'Heavy Metal']",0,3
306,Aggron,steel,rock,50,140,230,70,60,80,35,8960,2.1,360,50,"['Sturdy', 'Rock Head', 'Heavy Metal']",0,3
307,Meditite,fighting,psychic,60,40,55,30,40,55,70,5120,0.6,11.2,50,"['Pure Power', 'Telepathy']",0,3
308,Medicham,fighting,psychic,100,100,85,60,80,85,70,5120,1.3,31.5,50,"['Pure Power', 'Telepathy']",0,3
309,Electrike,electric,,65,45,40,40,65,40,70,5120,0.6,15.2,50,"['Static', 'Lightningrod', 'Minus']",0,3
310,Manectric,electric,,135,75,80,70,135,80,70,5120,1.5,40.2,50,"['Static', 'Lightningrod', 'Minus']",0,3
311,Plusle,electric,,95,50,40,60,85,75,70,5120,0.4,4.2,50,"['Plus', 'Lightningrod']",0,3
312,Minun,electric,,95,40,50,60,75,85,70,5120,0.4,4.2,50,"['Minus', 'Volt Absorb']",0,3
313,Volbeat,bug,,85,73,75,65,47,85,70,3840,0.7,17.7,100,"['Illuminate', 'Swarm', 'Prankster']",0,3
314,Illumise,bug,,85,47,75,65,73,85,70,3840,0.6,17.7,0,"['Oblivious', 'Tinted Lens', 'Prankster']",0,3
315,Roselia,grass,poison,65,60,45,50,100,80,70,5120,0.3,2,50,"['Natural Cure', 'Poison Point', 'Leaf Guard']",0,3
316,Gulpin,poison,,40,43,53,70,43,53,70,5120,0.4,10.3,50,"['Liquid Ooze', 'Sticky Hold', 'Gluttony']",0,3
317,Swalot,poison,,55,73,83,100,73,83,70,5120,1.7,80,50,"['Liquid Ooze', 'Sticky Hold', 'Gluttony']",0,3
318,Carvanha,water,dark,65,90,20,45,65,20,35,5120,0.8,20.8,50,"['Rough Skin', 'Speed Boost']",0,3
319,Sharpedo,water,dark,105,140,70,70,110,65,35,5120,1.8,88.8,50,"['Rough Skin', 'Speed Boost']",0,3
320,Wailmer,water,,60,70,35,130,70,35,70,10240,2,130,50,"['Water Veil', 'Oblivious', 'Pressure']",0,3
321,Wailord,water,,60,90,45,170,90,45,70,10240,14.5,398,50,"['Water Veil', 'Oblivious', 'Pressure']",0,3
322,Numel,fire,ground,35,60,40,60,65,45,70,5120,0.7,24,50,"['Oblivious', 'Simple', 'Own Tempo']",0,3
323,Camerupt,fire,ground,20,120,100,70,145,105,70,5120,1.9,220,50,"['Magma Armor', 'Solid Rock', 'Anger Point']",0,3
324,Torkoal,fire,,20,85,140,70,85,70,70,5120,0.5,80.4,50,"['White Smoke', 'Drought', 'Shell Armor']",0,3
325,Spoink,psychic,,60,25,35,60,70,80,70,5120,0.7,30.6,50,"['Thick Fat', 'Own Tempo', 'Gluttony']",0,3
326,Grumpig,psychic,,80,45,65,80,90,110,70,5120,0.9,71.5,50,"['Thick Fat', 'Own Tempo', 'Gluttony']",0,3
327,Spinda,normal,,60,60,60,60,60,60,70,3840,1.1,5,50,"['Own Tempo', 'Tangled Feet', 'Contrary']",0,3
328,Trapinch,ground,,10,100,45,45,45,45,70,5120,0.7,15,50,"['Hyper Cutter', 'Arena Trap', 'Sheer Force']",0,3
329,Vibrava,ground,dragon,70,70,50,50,50,50,70,5120,1.1,15.3,50,['Levitate'],0,3
330,Flygon,ground,dragon,100,100,80,80,80,80,70,5120,2,82,50,['Levitate'],0,3
331,Cacnea,grass,,35,85,40,50,85,40,35,5120,0.4,51.3,50,"['Sand Veil', 'Water Absorb']",0,3
332,Cacturne,grass,dark,55,115,60,70,115,60,35,5120,1.3,77.4,50,"['Sand Veil', 'Water Absorb']",0,3
333,Swablu,normal,flying,50,40,60,45,40,75,70,5120,0.4,1.2,50,"['Natural Cure', 'Cloud Nine']",0,3
334,Altaria,dragon,flying,80,110,110,75,110,105,70,5120,1.1,20.6,50,"['Natural Cure', 'Cloud Nine']",0,3
335,Zangoose,normal,,90,115,60,73,60,60,70,5120,1.3,40.3,50,"['Immunity', 'Toxic Boost']",0,3
336,Seviper,poison,,65,100,60,73,100,60,70,5120,2.7,52.5,50,"['Shed Skin', 'Infiltrator']",0,3
337,Lunatone,rock,psychic,70,55,65,90,95,85,70,6400,1,168,,['Levitate'],0,3
338,Solrock,rock,psychic,70,95,85,90,55,65,70,6400,1.2,154,,['Levitate'],0,3
339,Barboach,water,ground,60,48,43,50,46,41,70,5120,0.4,1.9,50,"['Oblivious', 'Anticipation', 'Hydration']",0,3
340,Whiscash,water,ground,60,78,73,110,76,71,70,5120,0.9,23.6,50,"['Oblivious', 'Anticipation', 'Hydration']",0,3
341,Corphish,water,,35,80,65,43,50,35,70,3840,0.6,11.5,50,"['Hyper Cutter', 'Shell Armor', 'Adaptability']",0,3
342,Crawdaunt,water,dark,55,120,85,63,90,55,70,3840,1.1,32.8,50,"['Hyper Cutter', 'Shell Armor', 'Adaptability']",0,3
343,Baltoy,ground,psychic,55,40,55,40,40,70,70,5120,0.5,21.5,,['Levitate'],0,3
344,Claydol,ground,psychic,75,70,105,60,70,120,70,5120,1.5,108,,['Levitate'],0,3
345,Lileep,rock,grass,23,41,77,66,61,87,70,7680,1,23.8,88.1,"['Suction Cups', 'Storm Drain']",0,3
346,Cradily,rock,grass,43,81,97,86,81,107,70,7680,1.5,60.4,88.1,"['Suction Cups', 'Storm Drain']",0,3
347,Anorith,rock,bug,75,95,50,45,40,50,70,7680,0.7,12.5,88.1,"['Battle Armor', 'Swift Swim']",0,3
348,Armaldo,rock,bug,45,125,100,75,70,80,70,7680,1.5,68.2,88.1,"['Battle Armor', 'Swift Swim']",0,3
349,Feebas,water,,80,15,20,20,10,55,70,5120,0.6,7.4,50,"['Swift Swim', 'Oblivious', 'Adaptability']",0,3
350,Milotic,water,,81,60,79,95,100,125,70,5120,6.2,162,50,"['Marvel Scale', 'Competitive', 'Cute Charm']",0,3
351,Castform,normal,,70,70,70,70,70,70,70,6400,0.3,0.8,50,['Forecast'],0,3
352,Kecleon,normal,,40,90,70,60,60,120,70,5120,1,22,50,"['Color Change', 'Protean']",0,3
353,Shuppet,ghost,,45,75,35,44,63,33,35,6400,0.6,2.3,50,"['Insomnia', 'Frisk', 'Cursed Body']",0,3
354,Banette,ghost,,75,165,75,64,93,83,35,6400,1.1,12.5,50,"['Insomnia', 'Frisk', 'Cursed Body']",0,3
355,Duskull,ghost,,25,40,90,20,30,90,35,6400,0.8,15,50,"['Levitate', 'Frisk']",0,3
356,Dusclops,ghost,,25,70,130,40,60,130,35,6400,1.6,30.6,50,"['Pressure', 'Frisk']",0,3
357,Tropius,grass,flying,51,68,83,99,72,87,70,6400,2,100,50,"['Chlorophyll', 'Solar Power', 'Harvest']",0,3
358,Chimecho,psychic,,65,50,80,75,95,90,70,6400,0.6,1,50,['Levitate'],0,3
359,Absol,dark,,115,150,60,65,115,60,35,6400,1.2,47,50,"['Pressure', 'Super Luck', 'Justified']",0,3
360,Wynaut,psychic,,23,23,48,95,23,48,70,5120,0.6,14,50,"['Shadow Tag', 'Telepathy']",0,3
361,Snorunt,ice,,50,50,50,50,50,50,70,5120,0.7,16.8,50,"['Inner Focus', 'Ice Body', 'Moody']",0,3
362,Glalie,ice,,100,120,80,80,120,80,70,5120,1.5,256.5,50,"['Inner Focus', 'Ice Body', 'Moody']",0,3
363,Spheal,ice,water,25,40,50,70,55,50,70,5120,0.8,39.5,50,"['Thick Fat', 'Ice Body', 'Oblivious']",0,3
364,Sealeo,ice,water,45,60,70,90,75,70,70,5120,1.1,87.6,50,"['Thick Fat', 'Ice Body', 'Oblivious']",0,3
365,Walrein,ice,water,65,80,90,110,95,90,70,5120,1.4,150.6,50,"['Thick Fat', 'Ice Body', 'Oblivious']",0,3
366,Clamperl,water,,32,64,85,35,74,55,70,5120,0.4,52.5,50,"['Shell Armor', 'Rattled']",0,3
367,Huntail,water,,52,104,105,55,94,75,70,5120,1.7,27,50,"['Swift Swim', 'Water Veil']",0,3
368,Gorebyss,water,,52,84,105,55,114,75,70,5120,1.8,22.6,50,"['Swift Swim', 'Hydration']",0,3
369,Relicanth,water,rock,55,90,130,100,45,65,70,10240,1,23.4,88.1,"['Swift Swim', 'Rock Head', 'Sturdy']",0,3
370,Luvdisc,water,,97,30,55,43,40,65,70,5120,0.6,8.7,24.6,"['Swift Swim', 'Hydration']",0,3
371,Bagon,dragon,,50,75,60,45,40,30,35,10240,0.6,42.1,50,"['Rock Head', 'Sheer Force']",0,3
372,Shelgon,dragon,,50,95,100,65,60,50,35,10240,1.1,110.5,50,"['Rock Head', 'Overcoat']",0,3
373,Salamence,dragon,flying,120,145,130,95,120,90,35,10240,1.5,102.6,50,"['Intimidate', 'Moxie']",0,3
374,Beldum,steel,psychic,30,55,80,40,35,60,35,10240,0.6,95.2,,"['Clear Body', 'Light Metal']",0,3
375,Metang,steel,psychic,50,75,100,60,55,80,35,10240,1.2,202.5,,"['Clear Body', 'Light Metal']",0,3
376,Metagross,steel,psychic,110,145,150,80,105,110,35,10240,1.6,550,,"['Clear Body', 'Light Metal']",0,3
377,Regirock,rock,,50,100,200,80,50,100,35,20480,1.7,230,,"['Clear Body', 'Sturdy']",1,3
378,Regice,ice,,50,50,100,80,100,200,35,20480,1.8,175,,"['Clear Body', 'Ice Body']",1,3
379,Registeel,steel,,50,75,150,80,75,150,35,20480,1.9,205,,"['Clear Body', 'Light Metal']",1,3
380,Latias,dragon,psychic,110,100,120,80,140,150,90,30720,1.4,40,0,['Levitate'],1,3
381,Latios,dragon,psychic,110,130,100,80,160,120,90,30720,2,60,100,['Levitate'],1,3
382,Kyogre,water,,90,150,90,100,180,160,0,30720,4.5,352,,['Drizzle'],1,3
383,Groudon,ground,,90,180,160,100,150,90,0,30720,3.5,950,,['Drought'],1,3
384,Rayquaza,dragon,flying,115,180,100,105,180,100,0,30720,7,206.5,,['Air Lock'],1,3
385,Jirachi,steel,psychic,100,100,100,100,100,100,100,30720,0.3,1.1,,['Serene Grace'],1,3
386,Deoxys,psychic,,180,95,90,50,95,90,0,30720,1.7,60.8,,['Pressure'],1,3
387,Turtwig,grass,,31,68,64,55,45,55,70,5120,0.4,10.2,88.1,"['Overgrow', 'Shell Armor']",0,4
388,Grotle,grass,,36,89,85,75,55,65,70,5120,1.1,97,88.1,"['Overgrow', 'Shell Armor']",0,4
389,Torterra,grass,ground,56,109,105,95,75,85,70,5120,2.2,310,88.1,"['Overgrow', 'Shell Armor']",0,4
390,Chimchar,fire,,61,58,44,44,58,44,70,5120,0.5,6.2,88.1,"['Blaze', 'Iron Fist']",0,4
391,Monferno,fire,fighting,81,78,52,64,78,52,70,5120,0.9,22,88.1,"['Blaze', 'Iron Fist']",0,4
392,Infernape,fire,fighting,108,104,71,76,104,71,70,5120,1.2,55,88.1,"['Blaze', 'Iron Fist']",0,4
393,Piplup,water,,40,51,53,53,61,56,70,5120,0.4,5.2,88.1,"['Torrent', 'Defiant']",0,4
394,Prinplup,water,,50,66,68,64,81,76,70,5120,0.8,23,88.1,"['Torrent', 'Defiant']",0,4
395,Empoleon,water,steel,60,86,88,84,111,101,70,5120,1.7,84.5,88.1,"['Torrent', 'Defiant']",0,4
396,Starly,normal,flying,60,55,30,40,30,30,70,3840,0.3,2,50,"['Keen Eye', 'Reckless']",0,4
397,Staravia,normal,flying,80,75,50,55,40,40,70,3840,0.6,15.5,50,"['Intimidate', 'Reckless']",0,4
398,Staraptor,normal,flying,100,120,70,85,50,60,70,3840,1.2,24.9,50,"['Intimidate', 'Reckless']",0,4
399,Bidoof,normal,,31,45,40,59,35,40,70,3840,0.5,20,50,"['Simple', 'Unaware', 'Moody']",0,4
400,Bibarel,normal,water,71,85,60,79,55,60,70,3840,1,31.5,50,"['Simple', 'Unaware', 'Moody']",0,4
401,Kricketot,bug,,25,25,41,37,25,41,70,3840,0.3,2.2,50,"['Shed Skin', 'Run Away']",0,4
402,Kricketune,bug,,65,85,51,77,55,51,70,3840,1,25.5,50,"['Swarm', 'Technician']",0,4
403,Shinx,electric,,45,65,34,45,40,34,70,5120,0.5,9.5,50,"['Rivalry', 'Intimidate', 'Guts']",0,4
404,Luxio,electric,,60,85,49,60,60,49,100,5120,0.9,30.5,50,"['Rivalry', 'Intimidate', 'Guts']",0,4
405,Luxray,electric,,70,120,79,80,95,79,70,5120,1.4,42,50,"['Rivalry', 'Intimidate', 'Guts']",0,4
406,Budew,grass,poison,55,30,35,40,50,70,70,5120,0.2,1.2,50,"['Natural Cure', 'Poison Point', 'Leaf Guard']",0,4
407,Roserade,grass,poison,90,70,65,60,125,105,70,5120,0.9,14.5,50,"['Natural Cure', 'Poison Point', 'Technician']",0,4
408,Cranidos,rock,,58,125,40,67,30,30,70,7680,0.9,31.5,88.1,"['Mold Breaker', 'Sheer Force']",0,4
409,Rampardos,rock,,58,165,60,97,65,50,70,7680,1.6,102.5,88.1,"['Mold Breaker', 'Sheer Force']",0,4
410,Shieldon,rock,steel,30,42,118,30,42,88,70,7680,0.5,57,88.1,"['Sturdy', 'Soundproof']",0,4
411,Bastiodon,rock,steel,30,52,168,60,47,138,70,7680,1.3,149.5,88.1,"['Sturdy', 'Soundproof']",0,4
412,Burmy,bug,,36,29,45,40,29,45,70,3840,0.2,3.4,50,"['Shed Skin', 'Overcoat']",0,4
413,Wormadam,bug,grass,36,69,95,60,69,95,70,3840,0.5,6.5,0,"['Anticipation', 'Overcoat']",0,4
414,Mothim,bug,flying,66,94,50,70,94,50,70,3840,0.9,23.3,100,"['Swarm', 'Tinted Lens']",0,4
415,Combee,bug,flying,70,30,42,30,30,42,70,3840,0.3,5.5,88.1,"['Honey Gather', 'Hustle']",0,4
416,Vespiquen,bug,flying,40,80,102,70,80,102,70,3840,1.2,38.5,0,"['Pressure', 'Unnerve']",0,4
417,Pachirisu,electric,,95,45,70,60,45,90,100,2560,0.4,3.9,50,"['Run Away', 'Pickup', 'Volt Absorb']",0,4
418,Buizel,water,,85,65,35,55,60,30,70,5120,0.7,29.5,50,"['Swift Swim', 'Water Veil']",0,4
419,Floatzel,water,,115,105,55,85,85,50,70,5120,1.1,33.5,50,"['Swift Swim', 'Water Veil']",0,4
420,Cherubi,grass,,35,35,45,45,62,53,70,5120,0.4,3.3,50,['Chlorophyll'],0,4
421,Cherrim,grass,,85,60,70,70,87,78,70,5120,0.5,9.3,50,['Flower Gift'],0,4
422,Shellos,water,,34,48,48,76,57,62,70,5120,0.3,6.3,50,"['Sticky Hold', 'Storm Drain', 'Sand Force']",0,4
423,Gastrodon,water,ground,39,83,68,111,92,82,70,5120,0.9,29.9,50,"['Sticky Hold', 'Storm Drain', 'Sand Force']",0,4
424,Ambipom,normal,,115,100,66,75,60,66,100,5120,1.2,20.3,50,"['Technician', 'Pickup', 'Skill Link']",0,4
425,Drifloon,ghost,flying,70,50,34,90,60,44,70,7680,0.4,1.2,50,"['Aftermath', 'Unburden', 'Flare Boost']",0,4
426,Drifblim,ghost,flying,80,80,44,150,90,54,70,7680,1.2,15,50,"['Aftermath', 'Unburden', 'Flare Boost']",0,4
427,Buneary,normal,,85,66,44,55,44,56,0,5120,0.4,5.5,50,"['Run Away', 'Klutz', 'Limber']",0,4
428,Lopunny,normal,,135,136,94,65,54,96,140,5120,1.2,33.3,50,"['Cute Charm', 'Klutz', 'Limber']",0,4
429,Mismagius,ghost,,105,60,60,60,105,105,35,6400,0.9,4.4,50,['Levitate'],0,4
430,Honchkrow,dark,flying,71,125,52,100,105,52,35,5120,0.9,27.3,50,"['Insomnia', 'Super Luck', 'Moxie']",0,4
431,Glameow,normal,,85,55,42,49,42,37,70,5120,0.5,3.9,24.6,"['Limber', 'Own Tempo', 'Keen Eye']",0,4
432,Purugly,normal,,112,82,64,71,64,59,70,5120,1,43.8,24.6,"['Thick Fat', 'Own Tempo', 'Defiant']",0,4
433,Chingling,psychic,,45,30,50,45,65,50,70,6400,0.2,0.6,50,['Levitate'],0,4
434,Stunky,poison,dark,74,63,47,63,41,41,70,5120,0.4,19.2,50,"['Stench', 'Aftermath', 'Keen Eye']",0,4
435,Skuntank,poison,dark,84,93,67,103,71,61,70,5120,1,38,50,"['Stench', 'Aftermath', 'Keen Eye']",0,4
436,Bronzor,steel,psychic,23,24,86,57,24,86,70,5120,0.5,60.5,,"['Levitate', 'Heatproof', 'Heavy Metal']",0,4
437,Bronzong,steel,psychic,33,89,116,67,79,116,70,5120,1.3,187,,"['Levitate', 'Heatproof', 'Heavy Metal']",0,4
438,Bonsly,rock,,10,80,95,50,10,45,70,5120,0.5,15,50,"['Sturdy', 'Rock Head', 'Rattled']",0,4
439,Mime Jr.,psychic,fairy,60,25,45,20,70,90,70,6400,0.6,13,50,"['Soundproof', 'Filter', 'Technician']",0,4
440,Happiny,normal,,30,5,5,100,15,65,140,10240,0.6,24.4,0,"['Natural Cure', 'Serene Grace', 'Friend Guard']",0,4
441,Chatot,normal,flying,91,65,45,76,92,42,35,5120,0.5,1.9,50,"['Keen Eye', 'Tangled Feet', 'Big Pecks']",0,4
442,Spiritomb,ghost,dark,35,92,108,50,92,108,70,7680,1,108,50,"['Pressure', 'Infiltrator']",0,4
443,Gible,dragon,ground,42,70,45,58,40,45,70,10240,0.7,20.5,50,"['Sand Veil', 'Rough Skin']",0,4
444,Gabite,dragon,ground,82,90,65,68,50,55,70,10240,1.4,56,50,"['Sand Veil', 'Rough Skin']",0,4
445,Garchomp,dragon,ground,92,170,115,108,120,95,70,10240,1.9,95,50,"['Sand Veil', 'Rough Skin']",0,4
446,Munchlax,normal,,5,85,40,135,40,85,70,10240,0.6,105,88.1,"['Pickup', 'Thick Fat', 'Gluttony']",0,4
447,Riolu,fighting,,60,70,40,40,35,40,70,6400,0.7,20.2,88.1,"['Steadfast', 'Inner Focus', 'Prankster']",0,4
448,Lucario,fighting,steel,112,145,88,70,140,70,70,6400,1.2,54,88.1,"['Steadfast', 'Inner Focus', 'Justified']",0,4
449,Hippopotas,ground,,32,72,78,68,38,42,70,7680,0.8,49.5,50,"['Sand Stream', 'Sand Force']",0,4
450,Hippowdon,ground,,47,112,118,108,68,72,70,7680,2,300,50,"['Sand Stream', 'Sand Force']",0,4
451,Skorupi,poison,bug,65,50,90,40,30,55,70,5120,0.8,12,50,"['Battle Armor', 'Sniper', 'Keen Eye']",0,4
452,Drapion,poison,dark,95,90,110,70,60,75,70,5120,1.3,61.5,50,"['Battle Armor', 'Sniper', 'Keen Eye']",0,4
453,Croagunk,poison,fighting,50,61,40,48,61,40,100,2560,0.7,23,50,"['Anticipation', 'Dry Skin', 'Poison Touch']",0,4
454,Toxicroak,poison,fighting,85,106,65,83,86,65,70,5120,1.3,44.4,50,"['Anticipation', 'Dry Skin', 'Poison Touch']",0,4
455,Carnivine,grass,,46,100,72,74,90,72,70,6400,1.4,27,50,['Levitate'],0,4
456,Finneon,water,,66,49,56,49,49,61,70,5120,0.4,7,50,"['Swift Swim', 'Storm Drain', 'Water Veil']",0,4
457,Lumineon,water,,91,69,76,69,69,86,70,5120,1.2,24,50,"['Swift Swim', 'Storm Drain', 'Water Veil']",0,4
458,Mantyke,water,flying,50,20,50,45,60,120,70,6400,1,65,50,"['Swift Swim', 'Water Absorb', 'Water Veil']",0,4
459,Snover,grass,ice,40,62,50,60,62,60,70,5120,1,50.5,50,"['Snow Warning', 'Soundproof']",0,4
460,Abomasnow,grass,ice,30,132,105,90,132,105,70,5120,2.2,135.5,50,"['Snow Warning', 'Soundproof']",0,4
461,Weavile,dark,ice,125,120,65,70,45,85,35,5120,1.1,34,50,"['Pressure', 'Pickpocket']",0,4
462,Magnezone,electric,steel,60,70,115,70,130,90,70,5120,1.2,180,,"['Magnet Pull', 'Sturdy', 'Analytic']",0,4
463,Lickilicky,normal,,50,85,95,110,80,95,70,5120,1.7,140,50,"['Own Tempo', 'Oblivious', 'Cloud Nine']",0,4
464,Rhyperior,ground,rock,40,140,130,115,55,55,70,5120,2.4,282.8,50,"['Lightningrod', 'Solid Rock', 'Reckless']",0,4
465,Tangrowth,grass,,50,100,125,100,110,50,70,5120,2,128.6,50,"['Chlorophyll', 'Leaf Guard', 'Regenerator']",0,4
466,Electivire,electric,,95,123,67,75,95,85,70,6400,1.8,138.6,75.4,"['Motor Drive', 'Vital Spirit']",0,4
467,Magmortar,fire,,83,95,67,75,125,95,70,6400,1.6,68,75.4,"['Flame Body', 'Vital Spirit']",0,4
468,Togekiss,fairy,flying,80,50,95,85,120,115,70,2560,1.5,38,88.1,"['Hustle', 'Serene Grace', 'Super Luck']",0,4
469,Yanmega,bug,flying,95,76,86,86,116,56,70,5120,1.9,51.5,50,"['Speed Boost', 'Tinted Lens', 'Frisk']",0,4
470,Leafeon,grass,,95,110,130,65,60,65,35,8960,1,25.5,88.1,"['Leaf Guard', 'Chlorophyll']",0,4
471,Glaceon,ice,,65,60,110,65,130,95,35,8960,0.8,25.9,88.1,"['Snow Cloak', 'Ice Body']",0,4
472,Gliscor,ground,flying,95,95,125,75,45,75,70,5120,2,42.5,50,"['Hyper Cutter', 'Sand Veil', 'Poison Heal']",0,4
473,Mamoswine,ice,ground,80,130,80,110,70,60,70,5120,2.5,291,50,"['Oblivious', 'Snow Cloak', 'Thick Fat']",0,4
474,Porygon-Z,normal,,90,80,70,85,135,75,70,5120,0.9,34,,"['Adaptability', 'Download', 'Analytic']",0,4
475,Gallade,psychic,fighting,110,165,95,68,65,115,35,5120,1.6,52,100,"['Steadfast', 'Justified']",0,4
476,Probopass,rock,steel,40,55,145,60,75,150,70,5120,1.4,340,50,"['Sturdy', 'Magnet Pull', 'Sand Force']",0,4
477,Dusknoir,ghost,,45,100,135,45,65,135,35,6400,2.2,106.6,50,"['Pressure', 'Frisk']",0,4
478,Froslass,ice,ghost,110,80,70,70,80,70,70,5120,1.3,26.6,0,"['Snow Cloak', 'Cursed Body']",0,4
479,Rotom,electric,ghost,86,65,107,50,105,107,70,5120,0.3,0.3,,['Levitate'],0,4
480,Uxie,psychic,,95,75,130,75,75,130,140,20480,0.3,0.3,,['Levitate'],1,4
481,Mesprit,psychic,,80,105,105,80,105,105,140,20480,0.3,0.3,,['Levitate'],1,4
482,Azelf,psychic,,115,125,70,75,125,70,140,20480,0.3,0.3,,['Levitate'],1,4
483,Dialga,steel,dragon,90,120,120,100,150,100,0,30720,5.4,683,,"['Pressure', 'Telepathy']",1,4
484,Palkia,water,dragon,100,120,100,90,150,120,0,30720,4.2,336,,"['Pressure', 'Telepathy']",1,4
485,Heatran,fire,steel,77,90,106,91,130,106,100,2560,1.7,430,50,"['Flash Fire', 'Flame Body']",1,4
486,Regigigas,normal,,100,160,110,110,80,110,0,30720,3.7,420,,['Slow Start'],1,4
487,Giratina,ghost,dragon,90,120,100,150,120,100,0,30720,4.5,750,,"['Pressure', 'Telepathy', 'Levitate']",1,4
488,Cresselia,psychic,,85,70,120,120,75,130,100,30720,1.5,85.6,0,['Levitate'],1,4
489,Phione,water,,80,80,80,80,80,80,70,10240,0.4,3.1,,['Hydration'],0,4
490,Manaphy,water,,100,100,100,100,100,100,70,2560,0.3,1.4,,['Hydration'],1,4
491,Darkrai,dark,,125,90,90,70,135,90,0,30720,1.5,50.5,,['Bad Dreams'],1,4
492,Shaymin,grass,grass,127,103,75,100,120,75,100,30720,0.2,2.1,,"['Natural Cure', 'Serene Grace']",1,4
493,Arceus,normal,,120,120,120,120,120,120,0,30720,3.2,320,,['Multitype'],1,4
494,Victini,psychic,fire,100,100,100,100,100,100,100,30720,0.4,4,,['Victory Star'],1,5
495,Snivy,grass,,63,45,55,45,45,55,70,5120,0.6,8.1,88.1,"['Overgrow', 'Contrary']",0,5
496,Servine,grass,,83,60,75,60,60,75,70,5120,0.8,16,88.1,"['Overgrow', 'Contrary']",0,5
497,Serperior,grass,,113,75,95,75,75,95,70,5120,3.3,63,88.1,"['Overgrow', 'Contrary']",0,5
498,Tepig,fire,,45,63,45,65,45,45,70,5120,0.5,9.9,88.1,"['Blaze', 'Thick Fat']",0,5
499,Pignite,fire,fighting,55,93,55,90,70,55,70,5120,1,55.5,88.1,"['Blaze', 'Thick Fat']",0,5
500,Emboar,fire,fighting,65,123,65,110,100,65,70,5120,1.6,150,88.1,"['Blaze', 'Reckless']",0,5
501,Oshawott,water,,45,55,45,55,63,45,70,5120,0.5,5.9,88.1,"['Torrent', 'Shell Armor']",0,5
502,Dewott,water,,60,75,60,75,83,60,70,5120,0.8,24.5,88.1,"['Torrent', 'Shell Armor']",0,5
503,Samurott,water,,70,100,85,95,108,70,70,5120,1.5,94.6,88.1,"['Torrent', 'Shell Armor']",0,5
504,Patrat,normal,,42,55,39,45,35,39,70,3840,0.5,11.6,50,"['Run Away', 'Keen Eye', 'Analytic']",0,5
505,Watchog,normal,,77,85,69,60,60,69,70,5120,1.1,27,50,"['Illuminate', 'Keen Eye', 'Analytic']",0,5
506,Lillipup,normal,,55,60,45,45,25,45,70,3840,0.4,4.1,50,"['Vital Spirit', 'Pickup', 'Run Away']",0,5
507,Herdier,normal,,60,80,65,65,35,65,70,3840,0.9,14.7,50,"['Intimidate', 'Sand Rush', 'Scrappy']",0,5
508,Stoutland,normal,,80,110,90,85,45,90,70,3840,1.2,61,50,"['Intimidate', 'Sand Rush', 'Scrappy']",0,5
509,Purrloin,dark,,66,50,37,41,50,37,70,5120,0.4,10.1,50,"['Limber', 'Unburden', 'Prankster']",0,5
510,Liepard,dark,,106,88,50,64,88,50,70,5120,1.1,37.5,50,"['Limber', 'Unburden', 'Prankster']",0,5
511,Pansage,grass,,64,53,48,50,53,48,70,5120,0.6,10.5,88.1,"['Gluttony', 'Overgrow']",0,5
512,Simisage,grass,,101,98,63,75,98,63,70,5120,1.1,30.5,88.1,"['Gluttony', 'Overgrow']",0,5
513,Pansear,fire,,64,53,48,50,53,48,70,5120,0.6,11,88.1,"['Gluttony', 'Blaze']",0,5
514,Simisear,fire,,101,98,63,75,98,63,70,5120,1,28,88.1,"['Gluttony', 'Blaze']",0,5
515,Panpour,water,,64,53,48,50,53,48,70,5120,0.6,13.5,88.1,"['Gluttony', 'Torrent']",0,5
516,Simipour,water,,101,98,63,75,98,63,70,5120,1,29,88.1,"['Gluttony', 'Torrent']",0,5
517,Munna,psychic,,24,25,45,76,67,55,70,2560,0.6,23.3,50,"['Forewarn', 'Synchronize', 'Telepathy']",0,5
518,Musharna,psychic,,29,55,85,116,107,95,70,2560,1.1,60.5,50,"['Forewarn', 'Synchronize', 'Telepathy']",0,5
519,Pidove,normal,flying,43,55,50,50,36,30,70,3840,0.3,2.1,50,"['Big Pecks', 'Super Luck', 'Rivalry']",0,5
520,Tranquill,normal,flying,65,77,62,62,50,42,70,3840,0.6,15,50,"['Big Pecks', 'Super Luck', 'Rivalry']",0,5
521,Unfezant,normal,flying,93,115,80,80,65,55,70,3840,1.2,29,50,"['Big Pecks', 'Super Luck', 'Rivalry']",0,5
522,Blitzle,electric,,76,60,32,45,50,32,70,5120,0.8,29.8,50,"['Lightningrod', 'Motor Drive', 'Sap Sipper']",0,5
523,Zebstrika,electric,,116,100,63,75,80,63,70,5120,1.6,79.5,50,"['Lightningrod', 'Motor Drive', 'Sap Sipper']",0,5
524,Roggenrola,rock,,15,75,85,55,25,25,70,3840,0.4,18,50,"['Sturdy', 'Weak Armor', 'Sand Force']",0,5
525,Boldore,rock,,20,105,105,70,50,40,70,3840,0.9,102,50,"['Sturdy', 'Weak Armor', 'Sand Force']",0,5
526,Gigalith,rock,,25,135,130,85,60,80,70,3840,1.7,260,50,"['Sturdy', 'Sand Stream', 'Sand Force']",0,5
527,Woobat,psychic,flying,72,45,43,65,55,43,70,3840,0.4,2.1,50,"['Unaware', 'Klutz', 'Simple']",0,5
528,Swoobat,psychic,flying,114,57,55,67,77,55,70,3840,0.9,10.5,50,"['Unaware', 'Klutz', 'Simple']",0,5
529,Drilbur,ground,,68,85,40,60,30,45,70,5120,0.3,8.5,50,"['Sand Rush', 'Sand Force', 'Mold Breaker']",0,5
530,Excadrill,ground,steel,88,135,60,110,50,65,70,5120,0.7,40.4,50,"['Sand Rush', 'Sand Force', 'Mold Breaker']",0,5
531,Audino,normal,,50,60,126,103,80,126,70,5120,1.1,31,50,"['Healer', 'Regenerator', 'Klutz']",0,5
532,Timburr,fighting,,35,80,55,75,25,35,70,5120,0.6,12.5,75.4,"['Guts', 'Sheer Force', 'Iron Fist']",0,5
533,Gurdurr,fighting,,40,105,85,85,40,50,70,5120,1.2,40,75.4,"['Guts', 'Sheer Force', 'Iron Fist']",0,5
534,Conkeldurr,fighting,,45,140,95,105,55,65,70,5120,1.4,87,75.4,"['Guts', 'Sheer Force', 'Iron Fist']",0,5
535,Tympole,water,,64,50,40,50,50,40,70,5120,0.5,4.5,50,"['Swift Swim', 'Hydration', 'Water Absorb']",0,5
536,Palpitoad,water,ground,69,65,55,75,65,55,70,5120,0.8,17,50,"['Swift Swim', 'Hydration', 'Water Absorb']",0,5
537,Seismitoad,water,ground,74,95,75,105,85,75,70,5120,1.5,62,50,"['Swift Swim', 'Poison Touch', 'Water Absorb']",0,5
538,Throh,fighting,,45,100,85,120,30,85,70,5120,1.3,55.5,100,"['Guts', 'Inner Focus', 'Mold Breaker']",0,5
539,Sawk,fighting,,85,125,75,75,30,75,70,5120,1.4,51,100,"['Sturdy', 'Inner Focus', 'Mold Breaker']",0,5
540,Sewaddle,bug,grass,42,53,70,45,40,60,70,3840,0.3,2.5,50,"['Swarm', 'Chlorophyll', 'Overcoat']",0,5
541,Swadloon,bug,grass,42,63,90,55,50,80,70,3840,0.5,7.3,50,"['Leaf Guard', 'Chlorophyll', 'Overcoat']",0,5
542,Leavanny,bug,grass,92,103,80,75,70,80,70,3840,1.2,20.5,50,"['Swarm', 'Chlorophyll', 'Overcoat']",0,5
543,Venipede,bug,poison,57,45,59,30,30,39,70,3840,0.4,5.3,50,"['Poison Point', 'Swarm', 'Speed Boost']",0,5
544,Whirlipede,bug,poison,47,55,99,40,40,79,70,3840,1.2,58.5,50,"['Poison Point', 'Swarm', 'Speed Boost']",0,5
545,Scolipede,bug,poison,112,100,89,60,55,69,70,5120,2.5,200.5,50,"['Poison Point', 'Swarm', 'Speed Boost']",0,5
546,Cottonee,grass,fairy,66,27,60,40,37,50,70,5120,0.3,0.6,50,"['Prankster', 'Infiltrator', 'Chlorophyll']",0,5
547,Whimsicott,grass,fairy,116,67,85,60,77,75,70,5120,0.7,6.6,50,"['Prankster', 'Infiltrator', 'Chlorophyll']",0,5
548,Petilil,grass,,30,35,50,45,70,50,70,5120,0.5,6.6,0,"['Chlorophyll', 'Own Tempo', 'Leaf Guard']",0,5
549,Lilligant,grass,,90,60,75,70,110,75,70,5120,1.1,16.3,0,"['Chlorophyll', 'Own Tempo', 'Leaf Guard']",0,5
550,Basculin,water,,98,92,65,70,80,55,70,10240,1,18,50,"['Reckless', 'Rock Head', 'Adaptability', 'Mold Breaker']",0,5
551,Sandile,ground,dark,65,72,35,50,35,35,70,5120,0.7,15.2,50,"['Intimidate', 'Moxie', 'Anger Point']",0,5
552,Krokorok,ground,dark,74,82,45,60,45,45,70,5120,1,33.4,50,"['Intimidate', 'Moxie', 'Anger Point']",0,5
553,Krookodile,ground,dark,92,117,80,95,65,70,70,5120,1.5,96.3,50,"['Intimidate', 'Moxie', 'Anger Point']",0,5
554,Darumaka,fire,,50,90,45,70,15,45,70,5120,0.6,37.5,50,"['Hustle', 'Inner Focus']",0,5
555,Darmanitan,fire,fire,55,30,105,105,140,105,70,5120,1.3,92.9,50,"['Sheer Force', 'Zen Mode']",0,5
556,Maractus,grass,,60,86,67,75,106,67,70,5120,1,28,50,"['Water Absorb', 'Chlorophyll', 'Storm Drain']",0,5
557,Dwebble,bug,rock,55,65,85,50,35,35,70,5120,0.3,14.5,50,"['Sturdy', 'Shell Armor', 'Weak Armor']",0,5
558,Crustle,bug,rock,45,105,125,70,65,75,70,5120,1.4,200,50,"['Sturdy', 'Shell Armor', 'Weak Armor']",0,5
559,Scraggy,dark,fighting,48,75,70,50,35,70,35,3840,0.6,11.8,50,"['Shed Skin', 'Moxie', 'Intimidate']",0,5
560,Scrafty,dark,fighting,58,90,115,65,45,115,70,3840,1.1,30,50,"['Shed Skin', 'Moxie', 'Intimidate']",0,5
561,Sigilyph,psychic,flying,97,58,80,72,103,80,70,5120,1.4,14,50,"['Wonder Skin ', 'Magic Guard', 'Tinted Lens']",0,5
562,Yamask,ghost,,30,30,85,38,55,65,70,6400,0.5,1.5,50,['Mummy'],0,5
563,Cofagrigus,ghost,,30,50,145,58,95,105,70,6400,1.7,76.5,50,['Mummy'],0,5
564,Tirtouga,water,rock,22,78,103,54,53,45,70,7680,0.7,16.5,88.1,"['Solid Rock', 'Sturdy', 'Swift Swim']",0,5
565,Carracosta,water,rock,32,108,133,74,83,65,70,7680,1.2,81,88.1,"['Solid Rock', 'Sturdy', 'Swift Swim']",0,5
566,Archen,rock,flying,70,112,45,55,74,45,70,7680,0.5,9.5,88.1,['Defeatist'],0,5
567,Archeops,rock,flying,110,140,65,75,112,65,70,7680,1.4,32,88.1,['Defeatist'],0,5
568,Trubbish,poison,,65,50,62,50,40,62,70,5120,0.6,31,50,"['Stench', 'Sticky Hold', 'Aftermath']",0,5
569,Garbodor,poison,,75,95,82,80,60,82,70,5120,1.9,107.3,50,"['Stench', 'Weak Armor', 'Aftermath']",0,5
570,Zorua,dark,,65,65,40,40,80,40,70,6400,0.7,12.5,88.1,['Illusion'],0,5
571,Zoroark,dark,,105,105,60,60,120,60,70,5120,1.6,81.1,88.1,['Illusion'],0,5
572,Minccino,normal,,75,50,40,55,40,40,70,3840,0.4,5.8,24.6,"['Cute Charm', 'Technician', 'Skill Link']",0,5
573,Cinccino,normal,,115,95,60,75,65,60,70,3840,0.5,7.5,24.6,"['Cute Charm', 'Technician', 'Skill Link']",0,5
574,Gothita,psychic,,45,30,50,45,55,65,70,5120,0.4,5.8,24.6,"['Frisk', 'Competitive', 'Shadow Tag']",0,5
575,Gothorita,psychic,,55,45,70,60,75,85,70,5120,0.7,18,24.6,"['Frisk', 'Competitive', 'Shadow Tag']",0,5
576,Gothitelle,psychic,,65,55,95,70,95,110,70,5120,1.5,44,24.6,"['Frisk', 'Competitive', 'Shadow Tag']",0,5
577,Solosis,psychic,,20,30,40,45,105,50,70,5120,0.3,1,50,"['Overcoat', 'Magic Guard', 'Regenerator']",0,5
578,Duosion,psychic,,30,40,50,65,125,60,70,5120,0.6,8,50,"['Overcoat', 'Magic Guard', 'Regenerator']",0,5
579,Reuniclus,psychic,,30,65,75,110,125,85,70,5120,1,20.1,50,"['Overcoat', 'Magic Guard', 'Regenerator']",0,5
580,Ducklett,water,flying,55,44,50,62,44,50,70,5120,0.5,5.5,50,"['Keen Eye', 'Big Pecks', 'Hydration']",0,5
581,Swanna,water,flying,98,87,63,75,87,63,70,5120,1.3,24.2,50,"['Keen Eye', 'Big Pecks', 'Hydration']",0,5
582,Vanillite,ice,,44,50,50,36,65,60,70,5120,0.4,5.7,50,"['Ice Body', 'Snow Cloak', 'Weak Armor']",0,5
583,Vanillish,ice,,59,65,65,51,80,75,70,5120,1.1,41,50,"['Ice Body', 'Snow Cloak', 'Weak Armor']",0,5
584,Vanilluxe,ice,,79,95,85,71,110,95,70,5120,1.3,57.5,50,"['Ice Body', 'Snow Warning', 'Weak Armor']",0,5
585,Deerling,normal,grass,75,60,50,60,40,50,70,5120,0.6,19.5,50,"['Chlorophyll', 'Sap Sipper', 'Serene Grace']",0,5
586,Sawsbuck,normal,grass,95,100,70,80,60,70,70,5120,1.9,92.5,50,"['Chlorophyll', 'Sap Sipper', 'Serene Grace']",0,5
587,Emolga,electric,flying,103,75,60,55,75,60,70,5120,0.4,5,50,"['Static', 'Motor Drive']",0,5
588,Karrablast,bug,,60,75,45,50,40,45,70,3840,0.5,5.9,50,"['Swarm', 'Shed Skin', 'No Guard']",0,5
589,Escavalier,bug,steel,20,135,105,70,60,105,70,3840,1,33,50,"['Swarm', 'Shell Armor', 'Overcoat']",0,5
590,Foongus,grass,poison,15,55,45,69,55,55,70,5120,0.2,1,50,"['Effect Spore', 'Regenerator']",0,5
591,Amoonguss,grass,poison,30,85,70,114,85,80,70,5120,0.6,10.5,50,"['Effect Spore', 'Regenerator']",0,5
592,Frillish,water,ghost,40,40,50,55,65,85,70,5120,1.2,33,50,"['Water Absorb', 'Cursed Body', 'Damp']",0,5
593,Jellicent,water,ghost,60,60,70,100,85,105,70,5120,2.2,135,50,"['Water Absorb', 'Cursed Body', 'Damp']",0,5
594,Alomomola,water,,65,75,80,165,40,45,70,10240,1.2,31.6,50,"['Healer', 'Hydration', 'Regenerator']",0,5
595,Joltik,bug,electric,65,47,50,50,57,50,70,5120,0.1,0.6,50,"['Compoundeyes', 'Unnerve', 'Swarm']",0,5
596,Galvantula,bug,electric,108,77,60,70,97,60,70,5120,0.8,14.3,50,"['Compoundeyes', 'Unnerve', 'Swarm']",0,5
597,Ferroseed,grass,steel,10,50,91,44,24,86,70,5120,0.6,18.8,50,['Iron Barbs'],0,5
598,Ferrothorn,grass,steel,20,94,131,74,54,116,70,5120,1,110,50,"['Iron Barbs', 'Anticipation']",0,5
599,Klink,steel,,30,55,70,40,45,60,70,5120,0.3,21,,"['Plus', 'Minus', 'Clear Body']",0,5
600,Klang,steel,,50,80,95,60,70,85,70,5120,0.6,51,,"['Plus', 'Minus', 'Clear Body']",0,5
601,Klinklang,steel,,90,100,115,60,70,85,70,5120,0.6,81,,"['Plus', 'Minus', 'Clear Body']",0,5
602,Tynamo,electric,,60,55,40,35,45,40,70,5120,0.2,0.3,50,['Levitate'],0,5
603,Eelektrik,electric,,40,85,70,65,75,70,70,5120,1.2,22,50,['Levitate'],0,5
604,Eelektross,electric,,50,115,80,85,105,80,70,5120,2.1,80.5,50,['Levitate'],0,5
605,Elgyem,psychic,,30,55,55,55,85,55,70,5120,0.5,9,50,"['Telepathy', 'Synchronize', 'Analytic']",0,5
606,Beheeyem,psychic,,40,75,75,75,125,95,70,5120,1,34.5,50,"['Telepathy', 'Synchronize', 'Analytic']",0,5
607,Litwick,ghost,fire,20,30,55,50,65,55,70,5120,0.3,3.1,50,"['Flash Fire', 'Flame Body', 'Infiltrator']",0,5
608,Lampent,ghost,fire,55,40,60,60,95,60,70,5120,0.6,13,50,"['Flash Fire', 'Flame Body', 'Infiltrator']",0,5
609,Chandelure,ghost,fire,80,55,90,60,145,90,70,5120,1,34.3,50,"['Flash Fire', 'Flame Body', 'Infiltrator']",0,5
610,Axew,dragon,,57,87,60,46,30,40,35,10240,0.6,18,50,"['Rivalry', 'Mold Breaker', 'Unnerve']",0,5
611,Fraxure,dragon,,67,117,70,66,40,50,35,10240,1,36,50,"['Rivalry', 'Mold Breaker', 'Unnerve']",0,5
612,Haxorus,dragon,,97,147,90,76,60,70,35,10240,1.8,105.5,50,"['Rivalry', 'Mold Breaker', 'Unnerve']",0,5
613,Cubchoo,ice,,40,70,40,55,60,40,70,5120,0.5,8.5,50,"['Snow Cloak', 'Slush Rush', 'Rattled']",0,5
614,Beartic,ice,,50,130,80,95,70,80,70,5120,2.6,260,50,"['Snow Cloak', 'Slush Rush', 'Swift Swim']",0,5
615,Cryogonal,ice,,105,50,50,80,95,135,70,6400,1.1,148,,['Levitate'],0,5
616,Shelmet,bug,,25,40,85,50,40,65,70,3840,0.4,7.7,50,"['Hydration', 'Shell Armor', 'Overcoat']",0,5
617,Accelgor,bug,,145,70,40,80,100,60,70,3840,0.8,25.3,50,"['Hydration', 'Sticky Hold', 'Unburden']",0,5
618,Stunfisk,ground,electric,32,66,84,109,81,99,70,5120,0.7,11,50,"['Static', 'Limber', 'Sand Veil']",0,5
619,Mienfoo,fighting,,65,85,50,45,55,50,70,6400,0.9,20,50,"['Inner Focus', 'Regenerator', 'Reckless']",0,5
620,Mienshao,fighting,,105,125,60,65,95,60,70,6400,1.4,35.5,50,"['Inner Focus', 'Regenerator', 'Reckless']",0,5
621,Druddigon,dragon,,48,120,90,77,60,90,70,7680,1.6,139,50,"['Rough Skin', 'Sheer Force', 'Mold Breaker']",0,5
622,Golett,ground,ghost,35,74,50,59,35,50,70,6400,1,92,,"['Iron Fist', 'Klutz', 'No Guard']",0,5
623,Golurk,ground,ghost,55,124,80,89,55,80,70,6400,2.8,330,,"['Iron Fist', 'Klutz', 'No Guard']",0,5
624,Pawniard,dark,steel,60,85,70,45,40,40,35,5120,0.5,10.2,50,"['Defiant', 'Inner Focus', 'Pressure']",0,5
625,Bisharp,dark,steel,70,125,100,65,60,70,35,5120,1.6,70,50,"['Defiant', 'Inner Focus', 'Pressure']",0,5
626,Bouffalant,normal,,55,110,95,95,40,95,70,5120,1.6,94.6,50,"['Reckless', 'Sap Sipper', 'Soundproof']",0,5
627,Rufflet,normal,flying,60,83,50,70,37,50,70,5120,0.5,10.5,100,"['Keen Eye', 'Sheer Force', 'Hustle']",0,5
628,Braviary,normal,flying,80,123,75,100,57,75,70,5120,1.5,41,100,"['Keen Eye', 'Sheer Force', 'Defiant']",0,5
629,Vullaby,dark,flying,60,55,75,70,45,65,35,5120,0.5,9,0,"['Big Pecks', 'Overcoat', 'Weak Armor']",0,5
630,Mandibuzz,dark,flying,80,65,105,110,55,95,35,5120,1.2,39.5,0,"['Big Pecks', 'Overcoat', 'Weak Armor']",0,5
631,Heatmor,fire,,65,97,66,85,105,66,70,5120,1.4,58,50,"['Gluttony', 'Flash Fire', 'White Smoke']",0,5
632,Durant,bug,steel,109,109,112,58,48,48,70,5120,0.3,33,50,"['Swarm', 'Hustle', 'Truant']",0,5
633,Deino,dark,dragon,38,65,50,52,45,50,35,10240,0.8,17.3,50,['Hustle'],0,5
634,Zweilous,dark,dragon,58,85,70,72,65,70,35,10240,1.4,50,50,['Hustle'],0,5
635,Hydreigon,dark,dragon,98,105,90,92,125,90,35,10240,1.8,160,50,['Levitate'],0,5
636,Larvesta,bug,fire,60,85,55,55,50,55,70,10240,1.1,28.8,50,"['Flame Body', 'Swarm']",0,5
637,Volcarona,bug,fire,100,60,65,85,135,105,70,10240,1.6,46,50,"['Flame Body', 'Swarm']",0,5
638,Cobalion,steel,fighting,108,90,129,91,90,72,35,20480,2.1,250,,['Justified'],1,5
639,Terrakion,rock,fighting,108,129,90,91,72,90,35,20480,1.9,260,,['Justified'],1,5
640,Virizion,grass,fighting,108,90,72,91,90,129,35,20480,2,200,,['Justified'],1,5
641,Tornadus,flying,,121,100,80,79,110,90,90,30720,1.5,63,100,"['Prankster', 'Defiant', 'Regenerator']",1,5
642,Thundurus,electric,flying,101,105,70,79,145,80,90,30720,1.5,61,100,"['Prankster', 'Defiant', 'Volt Absorb']",1,5
643,Reshiram,dragon,fire,90,120,100,100,150,120,0,30720,3.2,330,,['Turboblaze'],1,5
644,Zekrom,dragon,electric,90,150,120,100,120,100,0,30720,2.9,345,,['Teravolt'],1,5
645,Landorus,ground,flying,91,145,90,89,105,80,90,30720,1.5,68,100,"['Sand Force', 'Sheer Force', 'Intimidate']",1,5
646,Kyurem,dragon,ice,95,120,90,125,170,100,0,30720,3,325,,"['Pressure', 'Teravolt', 'Turboblaze']",1,5
647,Keldeo,water,fighting,108,72,90,91,129,90,35,20480,1.4,48.5,,['Justified'],1,5
648,Meloetta,normal,psychic,128,128,90,100,77,77,100,30720,0.6,6.5,,['Serene Grace'],1,5
649,Genesect,bug,steel,99,120,95,71,120,95,0,30720,1.5,82.5,,['Download'],1,5
650,Chespin,grass,,38,61,65,56,48,45,70,5120,0.4,9,88.1,"['Overgrow', 'Bulletproof']",0,6
651,Quilladin,grass,,57,78,95,61,56,58,70,5120,0.7,29,88.1,"['Overgrow', 'Bulletproof']",0,6
652,Chesnaught,grass,fighting,64,107,122,88,74,75,70,5120,1.6,90,88.1,"['Overgrow', 'Bulletproof']",0,6
653,Fennekin,fire,,60,45,40,40,62,60,70,5120,0.4,9.4,88.1,"['Blaze', 'Magician']",0,6
654,Braixen,fire,,73,59,58,59,90,70,70,5120,1,14.5,88.1,"['Blaze', 'Magician']",0,6
655,Delphox,fire,psychic,104,69,72,75,114,100,70,5120,1.5,39,88.1,"['Blaze', 'Magician']",0,6
656,Froakie,water,,71,56,40,41,62,44,70,5120,0.3,7,88.1,"['Torrent', 'Protean']",0,6
657,Frogadier,water,,97,63,52,54,83,56,70,5120,0.6,10.9,88.1,"['Torrent', 'Protean']",0,6
658,Greninja,water,dark,132,145,67,72,153,71,70,5120,1.5,40,88.1,"['Torrent', 'Protean', 'Battle Bond']",0,6
659,Bunnelby,normal,,57,36,38,38,32,36,70,3840,0.4,5,50,"['Pickup', 'Cheek Pouch', 'Huge Power']",0,6
660,Diggersby,normal,ground,78,56,77,85,50,77,70,3840,1,42.4,50,"['Pickup', 'Cheek Pouch', 'Huge Power']",0,6
661,Fletchling,normal,flying,62,50,43,45,40,38,70,3840,0.3,1.7,50,"['Big Pecks', 'Gale Wings']",0,6
662,Fletchinder,fire,flying,84,73,55,62,56,52,70,3840,0.7,16,50,"['Flame Body', 'Gale Wings']",0,6
663,Talonflame,fire,flying,126,81,71,78,74,69,70,3840,1.2,24.5,50,"['Flame Body', 'Gale Wings']",0,6
664,Scatterbug,bug,,35,35,40,38,27,25,70,3840,0.3,2.5,50,"['Shield Dust', 'Compoundeyes', 'Friend Guard']",0,6
665,Spewpa,bug,,29,22,60,45,27,30,70,3840,0.3,8.4,50,"['Shed Skin', 'Friend Guard']",0,6
666,Vivillon,bug,flying,89,52,50,80,90,50,70,3840,1.2,17,50,"['Shield Dust', 'Compoundeyes', 'Friend Guard']",0,6
667,Litleo,fire,normal,72,50,58,62,73,54,70,5120,0.6,13.5,11.2,"['Rivalry', 'Unnerve', 'Moxie']",0,6
668,Pyroar,fire,normal,106,68,72,86,109,66,70,5120,1.5,81.5,11.2,"['Rivalry', 'Unnerve', 'Moxie']",0,6
669,Flabébé,fairy,,42,38,39,44,61,79,70,5120,0.1,0.1,0,"['Flower Veil', 'Symbiosis']",0,6
670,Floette,fairy,,92,65,67,74,125,128,70,5120,0.2,0.9,0,"['Flower Veil', 'Symbiosis']",0,6
671,Florges,fairy,,75,65,68,78,112,154,70,5120,1.1,10,0,"['Flower Veil', 'Symbiosis']",0,6
672,Skiddo,grass,,52,65,48,66,62,57,70,5120,0.9,31,50,"['Sap Sipper', 'Grass Pelt']",0,6
673,Gogoat,grass,,68,100,62,123,97,81,70,5120,1.7,91,50,"['Sap Sipper', 'Grass Pelt']",0,6
674,Pancham,fighting,,43,82,62,67,46,48,70,6400,0.6,8,50,"['Iron Fist', 'Mold Breaker', 'Scrappy']",0,6
675,Pangoro,fighting,dark,58,124,78,95,69,71,70,6400,2.1,136,50,"['Iron Fist', 'Mold Breaker', 'Scrappy']",0,6
676,Furfrou,normal,,102,80,60,75,65,90,70,5120,1.2,28,50,['Fur Coat'],0,6
677,Espurr,psychic,,68,48,54,62,63,60,70,5120,0.3,3.5,50,"['Keen Eye', 'Infiltrator', 'Own Tempo']",0,6
678,Meowstic,psychic,,104,48,76,74,83,81,70,5120,0.6,8.5,50,"['Keen Eye', 'Infiltrator', 'Prankster', 'Competitive']",0,6
679,Honedge,steel,ghost,28,80,100,45,35,37,70,5120,0.8,2,50,['No Guard'],0,6
680,Doublade,steel,ghost,35,110,150,59,45,49,70,5120,0.8,4.5,50,['No Guard'],0,6
681,Aegislash,steel,ghost,60,150,50,60,150,50,70,5120,1.7,53,50,['Stance Change'],0,6
682,Spritzee,fairy,,23,52,60,78,63,65,70,5120,0.2,0.5,50,"['Healer', 'Aroma Veil']",0,6
683,Aromatisse,fairy,,29,72,72,101,99,89,70,5120,0.8,15.5,50,"['Healer', 'Aroma Veil']",0,6
684,Swirlix,fairy,,49,48,66,62,59,57,70,5120,0.4,3.5,50,"['Sweet Veil', 'Unburden']",0,6
685,Slurpuff,fairy,,72,80,86,82,85,75,70,5120,0.8,5,50,"['Sweet Veil', 'Unburden']",0,6
686,Inkay,dark,psychic,45,54,53,53,37,46,70,5120,0.4,3.5,50,"['Contrary', 'Suction Cups', 'Infiltrator']",0,6
687,Malamar,dark,psychic,73,92,88,86,68,75,70,5120,1.5,47,50,"['Contrary', 'Suction Cups', 'Infiltrator']",0,6
688,Binacle,rock,water,50,52,67,42,39,56,70,5120,0.5,31,50,"['Tough Claws', 'Sniper', 'Pickpocket']",0,6
689,Barbaracle,rock,water,68,105,115,72,54,86,70,5120,1.3,96,50,"['Tough Claws', 'Sniper', 'Pickpocket']",0,6
690,Skrelp,poison,water,30,60,60,50,60,60,70,5120,0.5,7.3,50,"['Poison Point', 'Poison Touch', 'Adaptability']",0,6
691,Dragalge,poison,dragon,44,75,90,65,97,123,70,5120,1.8,81.5,50,"['Poison Point', 'Poison Touch', 'Adaptability']",0,6
692,Clauncher,water,,44,53,62,50,58,63,70,3840,0.5,8.3,50,['Mega Launcher'],0,6
693,Clawitzer,water,,59,73,88,71,120,89,70,3840,1.3,35.3,50,['Mega Launcher'],0,6
694,Helioptile,electric,normal,70,38,33,44,61,43,70,5120,0.5,6,50,"['Dry Skin', 'Sand Veil', 'Solar Power']",0,6
695,Heliolisk,electric,normal,109,55,52,62,109,94,70,5120,1,21,50,"['Dry Skin', 'Sand Veil', 'Solar Power']",0,6
696,Tyrunt,rock,dragon,48,89,77,58,45,45,70,7680,0.8,26,88.1,"['Strong Jaw', 'Sturdy']",0,6
697,Tyrantrum,rock,dragon,71,121,119,82,69,59,70,7680,2.5,270,88.1,"['Strong Jaw', 'Rock Head']",0,6
698,Amaura,rock,ice,46,59,50,77,67,63,70,7680,1.3,25.2,88.1,"['Refrigerate', 'Snow Warning']",0,6
699,Aurorus,rock,ice,58,77,72,123,99,92,70,7680,2.7,225,88.1,"['Refrigerate', 'Snow Warning']",0,6
700,Sylveon,fairy,,60,65,65,95,110,130,70,8960,1,23.5,88.1,"['Cute Charm', 'Pixilate']",0,6
701,Hawlucha,fighting,flying,118,92,75,78,74,63,70,5120,0.8,21.5,50,"['Limber', 'Unburden', 'Mold Breaker']",0,6
702,Dedenne,electric,fairy,101,58,57,67,81,67,70,5120,0.2,2.2,50,"['Cheek Pouch', 'Pickup', 'Plus']",0,6
703,Carbink,rock,fairy,50,50,150,50,50,150,70,6400,0.3,5.7,,"['Clear Body', 'Sturdy']",0,6
704,Goomy,dragon,,40,50,35,45,55,75,35,10240,0.3,2.8,50,"['Sap Sipper', 'Hydration', 'Gooey']",0,6
705,Sliggoo,dragon,,60,75,53,68,83,113,35,10240,0.8,17.5,50,"['Sap Sipper', 'Hydration', 'Gooey']",0,6
706,Goodra,dragon,,80,100,70,90,110,150,35,10240,2,150.5,50,"['Sap Sipper', 'Hydration', 'Gooey']",0,6
707,Klefki,steel,fairy,75,80,91,57,80,87,70,5120,0.2,3,50,"['Prankster', 'Magician']",0,6
708,Phantump,ghost,grass,38,70,48,43,50,60,70,5120,0.4,7,50,"['Natural Cure', 'Frisk', 'Harvest']",0,6
709,Trevenant,ghost,grass,56,110,76,85,65,82,70,5120,1.5,71,50,"['Natural Cure', 'Frisk', 'Harvest']",0,6
710,Pumpkaboo,ghost,grass,41,66,70,59,44,55,70,5120,0.8,15,50,"['Pickup', 'Frisk', 'Insomnia']",0,6
711,Gourgeist,ghost,grass,54,100,122,85,58,75,70,5120,1.7,39,50,"['Pickup', 'Frisk', 'Insomnia']",0,6
712,Bergmite,ice,,28,69,85,55,32,35,70,5120,1,99.5,50,"['Own Tempo', 'Ice Body', 'Sturdy']",0,6
713,Avalugg,ice,,28,117,184,95,44,46,70,5120,2,505,50,"['Own Tempo', 'Ice Body', 'Sturdy']",0,6
714,Noibat,flying,dragon,55,30,35,40,45,40,70,5120,0.5,8,50,"['Frisk', 'Infiltrator', 'Telepathy']",0,6
715,Noivern,flying,dragon,123,70,80,85,97,80,70,5120,1.5,85,50,"['Frisk', 'Infiltrator', 'Telepathy']",0,6
716,Xerneas,fairy,,99,131,95,126,131,98,0,30720,3,215,,['Fairy Aura'],1,6
717,Yveltal,dark,flying,99,131,95,126,131,98,0,30720,5.8,203,,['Dark Aura'],1,6
718,Zygarde,dragon,ground,85,100,121,216,91,95,0,30720,5,284.6,,"['Aura Break', 'Power Construct']",1,6
719,Diancie,rock,fairy,110,160,110,50,160,110,70,6400,0.7,8.8,,['Clear Body'],1,6
720,Hoopa,psychic,ghost,80,160,60,80,170,130,100,30720,,,,['Magician'],1,6
721,Volcanion,fire,water,70,110,120,80,130,90,100,30720,1.7,195,,['Water Absorb'],1,6
722,Rowlet,grass,flying,42,55,55,68,50,50,70,3840,0.3,1.5,88.1,"['Overgrow', 'Long Reach']",0,7
723,Dartrix,grass,flying,52,75,75,78,70,70,70,3840,0.7,16,88.1,"['Overgrow', 'Long Reach']",0,7
724,Decidueye,grass,ghost,70,107,75,78,100,100,70,3840,1.6,36.6,88.1,"['Overgrow', 'Long Reach']",0,7
725,Litten,fire,,70,65,40,45,60,40,70,3840,0.4,4.3,88.1,"['Blaze', 'Intimidate']",0,7
726,Torracat,fire,,90,85,50,65,80,50,70,3840,0.7,25,88.1,"['Blaze', 'Intimidate']",0,7
727,Incineroar,fire,dark,60,115,90,95,80,90,70,3840,1.8,83,88.1,"['Blaze', 'Intimidate']",0,7
728,Popplio,water,,40,54,54,50,66,56,70,3840,0.4,7.5,88.1,"['Torrent', 'Liquid Voice']",0,7
729,Brionne,water,,50,69,69,60,91,81,70,3840,0.6,17.5,88.1,"['Torrent', 'Liquid Voice']",0,7
730,Primarina,water,fairy,60,74,74,80,126,116,70,3840,1.8,44,88.1,"['Torrent', 'Liquid Voice']",0,7
731,Pikipek,normal,flying,65,75,30,35,30,30,70,3840,0.3,1.2,50,"['Keen Eye', 'Skill Link', 'Pickup']",0,7
732,Trumbeak,normal,flying,75,85,50,55,40,50,70,3840,0.6,14.8,50,"['Keen Eye', 'Skill Link', 'Pickup']",0,7
733,Toucannon,normal,flying,60,120,75,80,75,75,70,3840,1.1,26,50,"['Keen Eye', 'Skill Link', 'Sheer Force']",0,7
734,Yungoos,normal,,45,70,30,48,30,30,70,3840,0.4,6,50,"['Stakeout', 'Strong Jaw', 'Adaptability']",0,7
735,Gumshoos,normal,,45,110,60,88,55,60,70,3840,0.7,14.2,50,"['Stakeout', 'Strong Jaw', 'Adaptability']",0,7
736,Grubbin,bug,,46,62,45,47,55,45,70,3840,0.4,4.4,50,['Swarm'],0,7
737,Charjabug,bug,electric,36,82,95,57,55,75,70,3840,0.5,10.5,50,['Battery'],0,7
738,Vikavolt,bug,electric,43,70,90,77,145,75,70,3840,1.5,45,50,['Levitate'],0,7
739,Crabrawler,fighting,,63,82,57,47,42,47,70,5120,0.6,7,50,"['Hyper Cutter', 'Iron Fist', 'Anger Point']",0,7
740,Crabominable,fighting,ice,43,132,77,97,62,67,70,5120,1.7,180,50,"['Hyper Cutter', 'Iron Fist', 'Anger Point']",0,7
741,Oricorio,fire,flying,93,70,70,75,98,70,70,5120,0.6,3.4,24.6,['Dancer'],0,7
742,Cutiefly,bug,fairy,84,45,40,40,55,40,70,5120,0.1,0.2,50,"['Honey Gather', 'Shield Dust', 'Sweet Veil']",0,7
743,Ribombee,bug,fairy,124,55,60,60,95,70,70,5120,0.2,0.5,50,"['Honey Gather', 'Shield Dust', 'Sweet Veil']",0,7
744,Rockruff,rock,,60,65,40,45,30,40,70,3840,0.5,9.2,50,"['Keen Eye', 'Vital Spirit', 'Steadfast']",0,7
745,Lycanroc,rock,,82,115,75,85,55,75,70,3840,,,50,"['Keen Eye', 'Sand Rush', 'Steadfast', 'Keen Eye', 'Vital Spirit', 'No Guard']",0,7
746,Wishiwashi,water,,30,140,130,45,140,135,70,3840,0.2,0.3,50,['Schooling'],0,7
747,Mareanie,poison,water,45,53,62,50,43,52,70,5120,0.4,8,50,"['Merciless', 'Limber', 'Regenerator']",0,7
748,Toxapex,poison,water,35,63,152,50,53,142,70,5120,0.7,14.5,50,"['Merciless', 'Limber', 'Regenerator']",0,7
749,Mudbray,ground,,45,100,70,70,45,55,70,5120,1,110,50,"['Own Tempo', 'Stamina', 'Inner Focus']",0,7
750,Mudsdale,ground,,35,125,100,100,55,85,70,5120,2.5,920,50,"['Own Tempo', 'Stamina', 'Inner Focus']",0,7
751,Dewpider,water,bug,27,40,52,38,40,72,70,3840,0.3,4,50,"['Water Bubble', 'Water Absorb']",0,7
752,Araquanid,water,bug,42,70,92,68,50,132,70,3840,1.8,82,50,"['Water Bubble', 'Water Absorb']",0,7
753,Fomantis,grass,,35,55,35,40,50,35,70,5120,0.3,1.5,50,"['Leaf Guard', 'Contrary']",0,7
754,Lurantis,grass,,45,105,90,70,80,90,70,5120,0.9,18.5,50,"['Leaf Guard', 'Contrary']",0,7
755,Morelull,grass,fairy,15,35,55,40,65,75,70,5120,0.2,1.5,50,"['Illuminate', 'Effect Spore', 'Rain Dish']",0,7
756,Shiinotic,grass,fairy,30,45,80,60,90,100,70,5120,1,11.5,50,"['Illuminate', 'Effect Spore', 'Rain Dish']",0,7
757,Salandit,poison,fire,77,44,40,48,71,40,70,5120,0.6,4.8,88.1,"['Corrosion', 'Oblivious']",0,7
758,Salazzle,poison,fire,117,64,60,68,111,60,70,5120,1.2,22.2,0,"['Corrosion', 'Oblivious']",0,7
759,Stufful,normal,fighting,50,75,50,70,45,50,70,3840,0.5,6.8,50,"['Fluffy', 'Klutz', 'Cute Charm']",0,7
760,Bewear,normal,fighting,60,125,80,120,55,60,70,3840,2.1,135,50,"['Fluffy', 'Klutz', 'Unnerve']",0,7
761,Bounsweet,grass,,32,30,38,42,30,38,70,5120,0.3,3.2,0,"['Leaf Guard', 'Oblivious', 'Sweet Veil']",0,7
762,Steenee,grass,,62,40,48,52,40,48,70,5120,0.7,8.2,0,"['Leaf Guard', 'Oblivious', 'Sweet Veil']",0,7
763,Tsareena,grass,,72,120,98,72,50,98,70,5120,1.2,21.4,0,"['Leaf Guard', 'Queenly Majesty', 'Sweet Veil']",0,7
764,Comfey,fairy,,100,52,90,51,82,110,70,5120,0.1,0.3,24.6,"['Flower Veil', 'Triage', 'Natural Cure']",0,7
765,Oranguru,normal,psychic,60,60,80,90,90,110,70,5120,1.5,76,50,"['Inner Focus', 'Telepathy', 'Symbiosis']",0,7
766,Passimian,fighting,,80,120,90,100,40,60,70,5120,2,82.8,50,"['Receiver', 'Defiant']",0,7
767,Wimpod,bug,water,80,35,40,25,20,30,70,5120,0.5,12,50,['Wimp Out'],0,7
768,Golisopod,bug,water,40,125,140,75,60,90,70,5120,2,108,50,['Emergency Exit'],0,7
769,Sandygast,ghost,ground,15,55,80,55,70,45,70,3840,0.5,70,50,"['Water Compaction', 'Sand Veil']",0,7
770,Palossand,ghost,ground,35,75,110,85,100,75,70,3840,1.3,250,50,"['Water Compaction', 'Sand Veil']",0,7
771,Pyukumuku,water,,5,60,130,55,30,130,70,3840,0.3,1.2,50,"['Innards Out', 'Unaware']",0,7
772,Type: Null,normal,,59,95,95,95,95,95,0,30720,1.9,120.5,,['Battle Armor'],0,7
773,Silvally,normal,,95,95,95,95,95,95,0,30720,2.3,100.5,,['RKS System'],0,7
774,Minior,rock,flying,120,100,60,60,100,60,70,6400,0.3,40,,['Shields Down'],0,7
775,Komala,normal,,65,115,65,65,75,95,70,5120,0.4,19.9,50,['Comatose'],0,7
776,Turtonator,fire,dragon,36,78,135,60,91,85,70,5120,2,212,50,['Shell Armor'],0,7
777,Togedemaru,electric,steel,96,98,63,65,40,73,70,2560,0.3,3.3,50,"['Iron Barbs', 'Lightningrod', 'Sturdy']",0,7
778,Mimikyu,ghost,fairy,96,90,80,55,50,105,70,5120,0.2,0.7,50,['Disguise'],0,7
779,Bruxish,water,psychic,92,105,70,68,70,70,70,3840,0.9,19,50,"['Dazzling', 'Strong Jaw', 'Wonder Skin ']",0,7
780,Drampa,normal,dragon,36,60,85,78,135,91,70,5120,3,185,50,"['Berserk', 'Sap Sipper', 'Cloud Nine']",0,7
781,Dhelmise,ghost,grass,40,131,100,70,86,90,70,6400,3.9,210,,['Steelworker'],0,7
782,Jangmo-o,dragon,,45,55,65,45,45,45,70,10240,0.6,29.7,50,"['Bulletproof', 'Soundproof', 'Overcoat']",0,7
783,Hakamo-o,dragon,fighting,65,75,90,55,65,70,70,10240,1.2,47,50,"['Bulletproof', 'Soundproof', 'Overcoat']",0,7
784,Kommo-o,dragon,fighting,85,110,125,75,100,105,70,10240,1.6,78.2,50,"['Bulletproof', 'Soundproof', 'Overcoat']",0,7
785,Tapu Koko,electric,fairy,130,115,85,70,95,75,70,3840,1.8,20.5,,"['Electric Surge', 'Telepathy']",1,7
786,Tapu Lele,psychic,fairy,95,85,75,70,130,115,70,3840,1.2,18.6,,"['Psychic Surge', 'Telepathy']",1,7
787,Tapu Bulu,grass,fairy,75,130,115,70,85,95,70,3840,1.9,45.5,,"['Grassy Surge', 'Telepathy']",1,7
788,Tapu Fini,water,fairy,85,75,115,70,95,130,70,3840,1.3,21.2,,"['Misty Surge', 'Telepathy']",1,7
789,Cosmog,psychic,,37,29,31,43,29,31,0,30720,0.2,0.1,,['Unaware'],1,7
790,Cosmoem,psychic,,37,29,131,43,29,131,0,30720,0.1,999.9,,['Sturdy'],1,7
791,Solgaleo,psychic,steel,97,137,107,137,113,89,0,30720,3.4,230,,['Full Metal Body'],1,7
792,Lunala,psychic,ghost,97,113,89,137,137,107,0,30720,4,120,,['Shadow Shield'],1,7
793,Nihilego,rock,poison,103,53,47,109,127,131,0,30720,1.2,55.5,,['Beast Boost'],1,7
794,Buzzwole,bug,fighting,79,139,139,107,53,53,0,30720,2.4,333.6,,['Beast Boost'],1,7
795,Pheromosa,bug,fighting,151,137,37,71,137,37,0,30720,1.8,25,,['Beast Boost'],1,7
796,Xurkitree,electric,,83,89,71,83,173,71,0,30720,3.8,100,,['Beast Boost'],1,7
797,Celesteela,steel,flying,61,101,103,97,107,101,0,30720,9.2,999.9,,['Beast Boost'],1,7
798,Kartana,grass,steel,109,181,131,59,59,31,0,30720,0.3,0.1,,['Beast Boost'],1,7
799,Guzzlord,dark,dragon,43,101,53,223,97,53,0,30720,5.5,888,,['Beast Boost'],1,7
800,Necrozma,psychic,,79,107,101,97,127,89,0,30720,2.4,230,,['Prism Armor'],1,7
801,Magearna,steel,fairy,65,95,115,80,130,115,0,30720,1,80.5,,['Soul-Heart'],1,7
